Target,Pulse1,Pulse3,Pulse4,Pulse5,Pulse6,Pulse7,Pulse8,Pulse9,Pulse10,Pulse11,Pulse12,Pulse13,Pulse14,Pulse15,Pulse16,Pulse17,Pulse18,Pulse19,Pulse20,Pulse21,Pulse22,Pulse23,Pulse24,Pulse25,Pulse26,Pulse27,Pulse28,Pulse29,Pulse30,Pulse31,Pulse32,Pulse33,Pulse34
NN,0.9999,0.9974,0.4705,0.9259,0.5115,0.9169,0.3115,0.9999,0.519,0.9259,0.411,0.7989,0.2755,0.8024,0.309,0.9219,0.3075,0.7909,0.339,0.7849,0.3515,0.6845,0.263,0.7839,0.2441,0.7055,0.269,0.6065,0.3295,0.7115,0.2276,0.593,0.2735
NN,0.9999,0.9999,0.406,0.9649,0.319,0.4455,0.0321,0.9999,0.4775,0.7544,0.1616,0.672,0.1516,0.2416,0.0126,0.5275,0.1891,0.6655,0.0001,0.434,0.2735,0.4095,0.3215,0.3985,0.367,0.3975,0.408,0.405,0.442,0.417,0.4685,0.4315,0.488
NN,0.9999,0.9999,0.274,0.9999,0.9999,0.8559,0.0001,0.5,0.5,0.5,0.5,0.5,0.5,0.0001,0.5725,0.7704,0.3035,0.0001,0.2276,0.1501,0.9999,0.5,0.5,0.9999,0.9534,0.7579,0.9999,0.9999,0.3995,0.6285,0.9999,0.338,0.9999
NN,0.9999,0.9999,0.488,0.9704,0.5325,0.9604,0.3835,0.8859,0.418,0.7639,0.3985,0.7819,0.4965,0.672,0.3625,0.7644,0.391,0.7255,0.411,0.53,0.322,0.5115,0.2356,0.5165,0.1741,0.5665,0.2341,0.512,0.1891,0.4715,0.2021,0.477,0.1716
NN,0.9999,0.5115,0.497,0.4505,0.4405,0.496,0.441,0.5735,0.533,0.519,0.4685,0.5,0.5,0.477,0.4225,0.4985,0.449,0.442,0.473,0.509,0.5185,0.5075,0.5045,0.5175,0.4925,0.484,0.546,0.4605,0.5035,0.5,0.5,0.5,0.56
NN,0.9999,0.9879,0.447,0.9729,0.396,0.9639,0.358,0.9299,0.3635,0.8989,0.2605,0.8909,0.2461,0.8729,0.1931,0.7894,0.1596,0.6895,0.1321,0.6815,0.1171,0.6595,0.1011,0.614,0.0921,0.5685,0.0876,0.523,0.0881,0.4785,0.0936,0.431,0.0951
NN,0.0001,0.5,0.5,0.5,0.5,0.9999,0.0001,0.5,0.5,0.0001,0.0001,0.5,0.5,0.5,0.5,0.9999,0.9999,0.0001,0.0001,0.5,0.5,0.5,0.5,0.9999,0.9999,0.9999,0.9999,0.5,0.5,0.9999,0.9999,0.5,0.5
NN,0.9999,0.9819,0.464,0.9999,0.4285,0.9999,0.3935,0.9999,0.319,0.9629,0.282,0.9724,0.2965,0.9519,0.268,0.9914,0.3235,0.9224,0.1701,0.8764,0.1971,0.8479,0.1791,0.9254,0.1731,0.7879,0.1516,0.627,0.1806,0.7255,0.1361,0.6945,0.1331
NN,0.9999,0.4905,0.4575,0.5,0.5,0.5,0.5,0.5575,0.366,0.2715,0.309,0.5,0.5,0.3315,0.693,0.3145,0.575,0.8184,0.6105,0.5,0.5,0.5,0.5,0.426,0.4935,0.603,0.4885,0.5,0.5,0.583,0.6205,0.459,0.6905
NN,0.9999,0.9999,0.5335,0.9999,0.408,0.9999,0.3635,0.9999,0.2845,0.9999,0.2935,0.9809,0.2406,0.9534,0.2051,0.9459,0.1676,0.8494,0.1451,0.8529,0.1186,0.8154,0.0976,0.7794,0.0546,0.736,0.0676,0.7015,0.0816,0.655,0.0546,0.615,0.0541
NN,0.9999,0.9999,0.2291,0.9999,0.0001,0.9999,0.0001,0.9999,0.681,0.9999,0.2945,0.9999,0.9999,0.9999,0.0001,0.9999,0.353,0.9999,0.0321,0.9999,0.9999,0.9999,0.9999,0.9999,0.2955,0.9999,0.1866,0.9999,0.0001,0.9999,0.0001,0.9999,0.0001
NN,0.9999,0.9999,0.4185,0.9999,0.449,0.9999,0.424,0.9999,0.4035,0.9704,0.324,0.9784,0.351,0.9684,0.328,0.9724,0.3595,0.9504,0.283,0.9299,0.2635,0.9149,0.2441,0.9204,0.2645,0.8809,0.2081,0.8284,0.1561,0.8434,0.1776,0.8234,0.1641
NN,0.9999,0.9999,0.0666,0.9999,0.6115,0.9274,0.3005,0.9999,0.4395,0.9999,0.6755,0.9999,0.539,0.9999,0.426,0.9999,0.0001,0.9999,0.0001,0.8089,0.579,0.9999,0.8114,0.9999,0.415,0.9999,0.6795,0.9999,0.1676,0.9999,0.9419,0.9999,0.406
NN,0.9999,0.9999,0.537,0.9999,0.517,0.9999,0.472,0.9999,0.544,0.9999,0.5985,0.9999,0.6015,0.9999,0.564,0.9999,0.553,0.9999,0.6355,0.9999,0.724,0.9999,0.709,0.9999,0.6,0.9999,0.6835,0.9779,0.743,0.9999,0.6625,0.9999,0.7335
NN,0.9999,0.7544,0.0301,0.9999,0.6335,0.4825,0.0001,0.9999,0.0001,0.7185,0.0001,0.5,0.5,0.0001,0.3285,0.3115,0.518,0.9999,0.0001,0.5,0.5,0.5,0.5,0.4185,0.9609,0.699,0.6325,0.5,0.5,0.9999,0.616,0.5,0.5
NN,0.0001,0.5,0.5,0.0001,0.0001,0.9999,0.9999,0.0001,0.9999,0.0001,0.9999,0.9999,0.0001,0.9999,0.9999,0.0001,0.0001,0.0001,0.9999,0.9999,0.0001,0.0001,0.9999,0.0001,0.9999,0.9999,0.0001,0.0001,0.9999,0.0001,0.0001,0.9999,0.0001
NN,0.9999,0.8354,0.5125,0.8329,0.525,0.7859,0.594,0.544,0.6705,0.8179,0.5605,0.8104,0.5715,0.8929,0.555,0.7919,0.591,0.572,0.706,0.7694,0.6065,0.7569,0.613,0.744,0.6185,0.731,0.623,0.717,0.6265,0.7035,0.629,0.9999,0.665
NN,0.0001,0.9999,0.0001,0.5,0.5,0.5,0.5,0.9999,0.9999,0.9999,0.0001,0.1406,0.9999,0.5,0.5,0.0001,0.9999,0.9999,0.9999,0.0001,0.9999,0.9999,0.7809,0.0001,0.9999,0.9999,0.9999,0.9999,0.0001,0.9999,0.9999,0.9999,0.9999
NN,0.9999,0.9999,0.497,0.9999,0.451,0.9999,0.462,0.9999,0.447,0.9999,0.4445,0.9999,0.3025,0.9999,0.422,0.9604,0.3405,0.9324,0.3275,0.9584,0.2795,0.9804,0.2655,0.9094,0.298,0.9134,0.289,0.8789,0.309,0.9019,0.297,0.8719,0.275
NN,0.0001,0.9999,0.9999,0.5,0.5,0.5,0.5,0.0001,0.0001,0.5,0.5,0.5,0.5,0.0001,0.0001,0.0001,0.0001,0.0001,0.9999,0.0001,0.9999,0.5,0.5,0.5,0.5,0.9999,0.0001,0.0001,0.9999,0.0001,0.9999,0.0001,0.9999
NN,0.0001,0.0001,0.9999,0.5,0.5,0.5,0.5,0.0001,0.9999,0.9999,0.9999,0.5,0.5,0.5,0.5,0.9999,0.0001,0.0001,0.9999,0.9999,0.9999,0.5,0.5,0.0001,0.0001,0.9999,0.0001,0.9999,0.9999,0.0001,0.9999,0.5,0.5
NN,0.9999,0.9999,0.469,0.9999,0.5145,0.9999,0.4745,0.9999,0.4915,0.9999,0.4415,0.9224,0.474,0.9669,0.467,0.8459,0.463,0.8284,0.398,0.9744,0.342,0.9044,0.3415,0.9244,0.326,0.8624,0.354,0.8654,0.307,0.7719,0.3685,0.8209,0.3025
NN,0.9999,0.9999,0.4565,0.9999,0.4135,0.9329,0.0911,0.9739,0.8054,0.9774,0.293,0.9424,0.3415,0.9394,0.383,0.9054,0.1891,0.561,0.0001,0.9514,0.5555,0.8119,0.1076,0.7769,0.0856,0.7405,0.0671,0.703,0.0516,0.665,0.0396,0.4335,0.0001
NN,0.9999,0.9999,0.542,0.9999,0.587,0.9999,0.4335,0.9909,0.8224,0.9999,0.7395,0.9999,0.7954,0.9999,0.8539,0.9999,0.9139,0.9999,0.9754,0.9999,0.9999,0.9899,0.9999,0.9579,0.9999,0.9194,0.9999,0.8739,0.9999,0.8219,0.9999,0.7624,0.9999
NN,0.0001,0.0001,0.0001,0.9999,0.9999,0.9999,0.0001,0.0001,0.9999,0.9999,0.0001,0.0001,0.0001,0.5,0.5,0.9999,0.9999,0.0001,0.0001,0.9999,0.0001,0.9999,0.0001,0.9999,0.9999,0.9999,0.0001,0.9999,0.0001,0.0001,0.9999,0.9999,0.0001
NN,0.9999,0.9999,0.429,0.9999,0.4185,0.9999,0.3815,0.9999,0.4625,0.9999,0.375,0.9999,0.369,0.9999,0.39,0.9999,0.307,0.9999,0.269,0.9999,0.3225,0.9999,0.2016,0.9999,0.262,0.9939,0.2515,0.9999,0.1211,0.9999,0.1211,0.9999,0.0781
NN,0.9999,0.9999,0.0001,0.9999,0.9999,0.9999,0.0001,0.9999,0.0001,0.9999,0.0001,0.9999,0.491,0.9999,0.0001,0.9999,0.9999,0.9999,0.0721,0.9999,0.9999,0.9999,0.0001,0.5,0.5,0.9999,0.9999,0.9999,0.1046,0.9999,0.9999,0.9999,0.9999
NN,0.9999,0.9409,0.427,0.9669,0.4445,0.9604,0.418,0.9414,0.415,0.9424,0.341,0.9264,0.3425,0.9104,0.3205,0.9034,0.332,0.8759,0.265,0.8529,0.264,0.8309,0.2496,0.8064,0.2595,0.7839,0.2271,0.7509,0.2006,0.7355,0.2131,0.711,0.2096
NN,0.9999,0.8564,0.487,0.7065,0.3845,0.9899,0.4525,0.9984,0.449,0.9999,0.445,0.7949,0.9999,0.9184,0.0001,0.9114,0.4105,0.9039,0.3585,0.3705,0.9634,0.7594,0.5275,0.8274,0.398,0.9654,0.2935,0.8189,0.3905,0.9304,0.0631,0.384,0.0001
NN,0.9999,0.9999,0.4205,0.8614,0.6385,0.9169,0.2081,0.9999,0.359,0.9999,0.2505,0.8999,0.4375,0.8839,0.573,0.9999,0.6965,0.9999,0.633,0.9819,0.4905,0.9629,0.0436,0.9999,0.574,0.9999,0.442,0.9999,0.4445,0.9999,0.7669,0.9999,0.2111
NN,0.9999,0.8309,0.0001,0.9999,0.9999,0.9999,0.1636,0.9044,0.298,0.9999,0.0001,0.9999,0.0531,0.9999,0.8669,0.588,0.8549,0.9999,0.8899,0.9999,0.9264,0.9999,0.0001,0.9999,0.9269,0.9999,0.457,0.9799,0.319,0.9999,0.8264,0.9999,0.6735
NN,0.9999,0.9999,0.502,0.9999,0.494,0.9999,0.485,0.9999,0.465,0.9889,0.4685,0.9999,0.4675,0.9864,0.4605,0.9629,0.4315,0.9709,0.4285,0.9979,0.429,0.9739,0.432,0.9474,0.3955,0.9454,0.4105,0.9279,0.407,0.9189,0.3995,0.9194,0.396
NN,0.0001,0.9999,0.9999,0.9999,0.0001,0.5,0.5,0.5,0.5,0.0001,0.0001,0.5,0.5,0.5,0.5,0.0001,0.9999,0.9999,0.9999,0.0001,0.9999,0.0001,0.9999,0.9999,0.0001,0.9999,0.9999,0.0001,0.9999,0.9999,0.9999,0.5,0.5
NN,0.9999,0.9559,0.5215,0.9709,0.5115,0.9734,0.5265,0.9679,0.5065,0.9594,0.5315,0.9639,0.5605,0.9599,0.531,0.9444,0.5635,0.9184,0.572,0.9049,0.559,0.8849,0.571,0.8789,0.5565,0.8679,0.5665,0.8319,0.5765,0.8544,0.554,0.8264,0.557
NN,0.9999,0.9999,0.5125,0.9984,0.5245,0.9874,0.5355,0.8084,0.0001,0.9549,0.5555,0.9424,0.7679,0.9104,0.5705,0.8844,0.576,0.9999,0.705,0.8289,0.582,0.8004,0.5825,0.7719,0.582,0.7445,0.58,0.7175,0.577,0.692,0.5735,0.9999,0.9999
NN,0.9999,0.0001,0.0001,0.9999,0.9999,0.9999,0.428,0.5,0.5,0.0001,0.9999,0.9999,0.9999,0.5895,0.0001,0.0001,0.0001,0.544,0.0001,0.9999,0.0001,0.0001,0.9999,0.0001,0.0001,0.9999,0.0001,0.0001,0.0001,0.9999,0.9999,0.5,0.5
NN,0.9999,0.9544,0.544,0.9324,0.5845,0.9999,0.583,0.7759,0.8409,0.8509,0.6835,0.5815,0.7135,0.7879,0.7305,0.7554,0.748,0.658,0.565,0.689,0.7724,0.6565,0.7789,0.6245,0.7824,0.593,0.7829,0.563,0.7804,0.5345,0.7754,0.5605,0.8384
NN,0.9999,0.9949,0.471,0.9989,0.435,0.9934,0.403,0.9969,0.371,0.9634,0.3495,0.9634,0.31,0.9489,0.281,0.9244,0.2396,0.9369,0.2146,0.8949,0.2011,0.8734,0.1771,0.8414,0.1576,0.8259,0.1341,0.8049,0.1231,0.7739,0.0986,0.746,0.0841
NN,0.0001,0.5,0.5,0.5,0.5,0.5,0.5,0.9999,0.9999,0.9999,0.9999,0.5,0.5,0.5,0.5,0.3125,0.0001,0.0001,0.0001,0.5,0.5,0.5,0.5,0.0001,0.0001,0.0001,0.0001,0.0001,0.9999,0.9999,0.5,0.5,0.5
NN,0.9999,0.9999,0.4815,0.9999,0.463,0.9979,0.445,0.9989,0.4505,0.9944,0.431,0.9834,0.3915,0.9764,0.3745,0.9559,0.328,0.9529,0.339,0.9499,0.3265,0.9394,0.312,0.9309,0.285,0.9159,0.2845,0.9069,0.287,0.8894,0.26,0.8754,0.2491
NN,0.9999,0.9729,0.4865,0.0001,0.6305,0.318,0.678,0.8464,0.1831,0.9999,0.483,0.355,0.497,0.2256,0.5775,0.9594,0.2685,0.9999,0.2481,0.3515,0.3425,0.1306,0.687,0.9194,0.2665,0.7609,0.2096,0.9999,0.1931,0.452,0.6025,0.4695,0.7095
NN,0.9999,0.9909,0.5045,0.9904,0.481,0.9879,0.4715,0.9794,0.465,0.9949,0.4775,0.9734,0.4445,0.9669,0.436,0.9709,0.442,0.8984,0.404,0.9414,0.413,0.9314,0.4065,0.9424,0.4015,0.9089,0.3945,0.8924,0.3805,0.8844,0.3845,0.8714,0.3805
NN,0.9999,0.5,0.5,0.9999,0.7584,0.5,0.5,0.555,0.0001,0.5,0.5,0.5,0.5,0.0001,0.388,0.2216,0.0836,0.8844,0.8154,0.5,0.5,0.7669,0.6785,0.0486,0.724,0.9999,0.0001,0.0001,0.9079,0.5,0.5,0.5,0.5
NN,0.9999,0.9204,0.408,0.718,0.5145,0.9669,0.4985,0.9394,0.569,0.9054,0.491,0.9429,0.7749,0.9584,0.2126,0.8749,0.3525,0.9334,0.3995,0.9999,0.9999,0.733,0.4185,0.9504,0.486,0.9669,0.494,0.8079,0.3385,0.9224,0.3715,0.9664,0.493
NN,0.0001,0.9999,0.9999,0.9999,0.0001,0.5,0.5,0.5,0.5,0.9999,0.9999,0.9999,0.9999,0.0001,0.0001,0.9999,0.0001,0.0001,0.9999,0.5,0.5,0.9999,0.0001,0.9999,0.0001,0.9999,0.9999,0.0001,0.0001,0.5,0.5,0.5,0.5
NN,0.9999,0.9999,0.9999,0.9999,0.9999,0.9549,0.9999,0.365,0.9999,0.0841,0.9999,0.0001,0.9999,0.0001,0.8624,0.0001,0.2111,0.0001,0.2895,0.0001,0.0001,0.2361,0.0001,0.9499,0.0001,0.9999,0.0001,0.9999,0.0001,0.9999,0.3265,0.9999,0.674
NN,0.9999,0.1606,0.0001,0.0001,0.9999,0.9999,0.8164,0.5175,0.0001,0.0001,0.0001,0.9999,0.9999,0.9434,0.0001,0.0001,0.9999,0.9189,0.9999,0.9999,0.0001,0.0001,0.0001,0.4055,0.9999,0.9999,0.0001,0.0001,0.0001,0.0001,0.9999,0.9999,0.668
NN,0.9999,0.9784,0.5405,0.9874,0.4715,0.9859,0.4575,0.9804,0.467,0.9734,0.5065,0.9769,0.416,0.9729,0.4025,0.9979,0.3385,0.9514,0.3205,0.9569,0.3635,0.9504,0.351,0.9994,0.2965,0.9359,0.327,0.9604,0.347,0.9199,0.3045,0.9109,0.294
NN,0.9999,0.5415,0.3965,0.0001,0.9999,0.0001,0.9999,0.8594,0.736,0.0896,0.1866,0.0001,0.0001,0.0001,0.9999,0.486,0.7959,0.2895,0.2895,0.1271,0.0001,0.0001,0.266,0.0001,0.619,0.9999,0.0001,0.0001,0.3055,0.0001,0.0001,0.0001,0.8074
NN,0.9999,0.9999,0.4885,0.9999,0.4775,0.9999,0.4665,0.9999,0.456,0.9999,0.7809,0.9999,0.4365,0.9999,0.4275,0.9999,0.662,0.9999,0.412,0.9974,0.4055,0.9779,0.3995,0.9999,0.0386,0.9364,0.391,0.9144,0.388,0.8924,0.386,0.8699,0.385
NN,0.0001,0.0001,0.9999,0.9999,0.0001,0.0001,0.9999,0.5,0.5,0.9999,0.9999,0.0001,0.406,0.9999,0.9999,0.0001,0.0001,0.9999,0.0001,0.0001,0.0001,0.9999,0.9999,0.9999,0.0001,0.9999,0.9999,0.9999,0.9999,0.5,0.5,0.0001,0.0001
NN,0.9999,0.9999,0.529,0.9724,0.537,0.9999,0.566,0.9999,0.4905,0.9739,0.535,0.9784,0.573,0.9744,0.556,0.9544,0.6005,0.9834,0.5815,0.9984,0.5715,0.9539,0.582,0.9584,0.612,0.9419,0.618,0.9429,0.6125,0.8914,0.648,0.9179,0.656
NN,0.9999,0.586,0.0001,0.0001,0.9999,0.5,0.5,0.5,0.5,0.0001,0.9999,0.5,0.5,0.1931,0.1616,0.9024,0.6805,0.7599,0.572,0.5,0.5,0.0001,0.3645,0.0761,0.9809,0.9999,0.9999,0.0001,0.8384,0.5,0.5,0.5,0.5
NN,0.9999,0.5085,0.322,0.5,0.5,0.5,0.5,0.5,0.5,0.5,0.5,0.5,0.5,0.5615,0.2251,0.614,0.9139,0.9999,0.2885,0.5,0.5,0.5415,0.0001,0.447,0.4165,0.9999,0.1166,0.0001,0.5945,0.5,0.5,0.9999,0.3635
NN,0.9999,0.8189,0.9999,0.604,0.0001,0.9999,0.9999,0.9384,0.6545,0.1656,0.9999,0.4705,0.7939,0.509,0.525,0.2426,0.0001,0.5715,0.4835,0.6635,0.2805,0.0001,0.9999,0.9044,0.0001,0.9999,0.4695,0.9999,0.9999,0.603,0.0001,0.9999,0.9999
NN,0.9999,0.9999,0.2925,0.9999,0.8804,0.9354,0.593,0.9999,0.4505,0.9689,0.74,0.8274,0.4195,0.9999,0.5045,0.9879,0.2496,0.8999,0.3775,0.9404,0.4045,0.9999,0.4385,0.9679,0.5535,0.9644,0.464,0.9999,0.363,0.72,0.599,0.7569,0.473
NN,0.9999,0.9239,0.553,0.9999,0.6955,0.9999,0.0001,0.8344,0.542,0.9999,0.635,0.9999,0.8029,0.9999,0.6775,0.9999,0.5135,0.7919,0.285,0.9999,0.8174,0.9454,0.633,0.9549,0.3335,0.9999,0.5795,0.6885,0.4905,0.9999,0.6125,0.9999,0.687
NN,0.9999,0.9999,0.64,0.9999,0.5125,0.9999,0.539,0.9999,0.5215,0.9939,0.6665,0.9999,0.5275,0.9999,0.522,0.9789,0.377,0.9219,0.4565,0.9999,0.521,0.9994,0.637,0.9999,0.3045,0.9819,0.489,0.9334,0.617,0.9729,0.39,0.9019,0.4635
NN,0.0001,0.9999,0.0001,0.9999,0.0001,0.9999,0.0001,0.9999,0.0001,0.9999,0.9999,0.9999,0.9999,0.9999,0.0001,0.9999,0.9999,0.9999,0.9999,0.9999,0.9999,0.9999,0.0001,0.9999,0.0001,0.9999,0.0001,0.9999,0.8279,0.5,0.5,0.9999,0.0001
NN,0.9999,0.9999,0.8389,0.9064,0.9099,0.715,0.9999,0.603,0.9024,0.2805,0.9999,0.1046,0.8854,0.0001,0.7015,0.305,0.2071,0.0106,0.286,0.1346,0.1186,0.3115,0.0126,0.707,0.0001,0.709,0.0336,0.629,0.0001,0.9679,0.324,0.9939,0.517
NN,0.9999,0.9999,0.9999,0.9999,0.0001,0.9999,0.0001,0.9999,0.9999,0.9999,0.9999,0.9999,0.9999,0.9999,0.0001,0.9999,0.9999,0.9999,0.9999,0.9999,0.9999,0.9999,0.9999,0.9999,0.9999,0.9999,0.75,0.5,0.5,0.9999,0.0001,0.9999,0.0001
NN,0.9999,0.9999,0.5175,0.9999,0.5915,0.9999,0.635,0.9999,0.6255,0.9999,0.644,0.9999,0.693,0.9999,0.6585,0.9999,0.8284,0.9999,0.7689,0.9999,0.8064,0.9999,0.7974,0.9479,0.8414,0.9474,0.8569,0.9279,0.8354,0.8719,0.9279,0.8574,0.8789
NN,0.0001,0.9999,0.0001,0.9999,0.9999,0.0001,0.0001,0.9999,0.0001,0.5,0.5,0.5,0.5,0.0001,0.9999,0.9999,0.0001,0.9999,0.0001,0.1251,0.9999,0.9999,0.0001,0.9999,0.0001,0.9999,0.0001,0.0001,0.0001,0.5,0.5,0.9999,0.0001
NN,0.9999,0.8469,0.6945,0.5,0.5,0.3355,0.8489,0.5,0.5,0.5,0.5,0.5,0.5,0.603,0.379,0.605,0.597,0.732,0.8909,0.5,0.5,0.5,0.5,0.8669,0.637,0.8809,0.8174,0.5,0.5,0.5,0.5,0.5,0.5
NN,0.9999,0.9999,0.5255,0.9999,0.554,0.9999,0.5975,0.9999,0.6425,0.9999,0.674,0.9999,0.6915,0.9729,0.7145,0.9454,0.7519,0.8794,0.7939,0.9029,0.7999,0.8979,0.8139,0.8329,0.8194,0.7969,0.8469,0.7475,0.8634,0.735,0.8584,0.667,0.8759
NN,0.0001,0.9999,0.9999,0.5,0.5,0.9999,0.0001,0.9999,0.0001,0.9999,0.9999,0.9999,0.9999,0.9999,0.0001,0.9999,0.9999,0.9999,0.9999,0.9999,0.0001,0.0001,0.0001,0.9999,0.0001,0.9999,0.0001,0.9999,0.9999,0.5,0.5,0.9999,0.0001
NN,0.9999,0.9999,0.5205,0.9999,0.56,0.9999,0.581,0.9999,0.6395,0.9934,0.6545,0.9634,0.688,0.9554,0.6985,0.9094,0.7305,0.8929,0.735,0.8969,0.7814,0.8514,0.7904,0.8354,0.7984,0.7944,0.8049,0.7699,0.8044,0.7265,0.8179,0.702,0.8134
NN,0.0001,0.9999,0.9999,0.9999,0.0001,0.9999,0.9999,0.9999,0.9999,0.9999,0.9999,0.9999,0.9999,0.9999,0.9999,0.9999,0.0001,0.0001,0.9999,0.0001,0.9999,0.0001,0.9999,0.9999,0.0001,0.9999,0.9999,0.0001,0.9999,0.0001,0.0001,0.0001,0.9999
NN,0.9999,0.9999,0.621,0.9999,0.743,0.9999,0.8649,0.9999,0.9999,0.9999,0.9999,0.9999,0.9999,0.9999,0.8854,0.9999,0.9999,0.9999,0.9999,0.8724,0.9999,0.9479,0.9999,0.8229,0.9999,0.6915,0.9999,0.554,0.9999,0.413,0.9999,0.0931,0.9999
NN,0.0001,0.9999,0.9999,0.9999,0.0001,0.9999,0.9999,0.0001,0.9999,0.5,0.5,0.9999,0.9999,0.5,0.5,0.5,0.5,0.0001,0.9999,0.0001,0.9999,0.9999,0.9999,0.9999,0.0001,0.9999,0.9999,0.9999,0.9999,0.9999,0.0001,0.0001,0.9999
NN,0.9999,0.9999,0.467,0.9999,0.8144,0.9999,0.548,0.9999,0.6015,0.9999,0.0001,0.9999,0.297,0.9999,0.4205,0.9999,0.5245,0.9999,0.1926,0.9999,0.367,0.9999,0.0001,0.9999,0.2101,0.9999,0.0931,0.9999,0.0001,0.9999,0.1071,0.9999,0.2585
NN,0.0001,0.9999,0.0001,0.9999,0.9999,0.9999,0.9999,0.9999,0.9999,0.9999,0.9999,0.9999,0.0001,0.9999,0.0001,0.9999,0.9999,0.9999,0.0001,0.9999,0.9999,0.9999,0.9999,0.9999,0.0001,0.9999,0.9999,0.9999,0.0001,0.9999,0.9999,0.9999,0.0001
NN,0.9999,0.9614,0.539,0.9634,0.5815,0.9484,0.623,0.9204,0.676,0.8939,0.711,0.8534,0.735,0.8539,0.7824,0.8024,0.8209,0.7559,0.8244,0.6995,0.8349,0.671,0.8414,0.6185,0.8804,0.594,0.8694,0.5485,0.8549,0.5135,0.8854,0.48,0.8474
NN,0.9999,0.8409,0.4135,0.9114,0.6095,0.733,0.6645,0.629,0.7914,0.9999,0.424,0.5055,0.7225,0.5055,0.6945,0.5935,0.706,0.553,0.682,0.5215,0.6535,0.4995,0.6245,0.4855,0.597,0.4785,0.5725,0.476,0.5515,0.477,0.5355,0.48,0.523
NN,0.9999,0.8744,0.486,0.8284,0.474,0.9029,0.514,0.9294,0.5125,0.8174,0.5435,0.8579,0.539,0.8654,0.526,0.8929,0.361,0.8299,0.4925,0.8934,0.535,0.673,0.407,0.8269,0.514,0.8049,0.467,0.7679,0.394,0.7949,0.4295,0.7819,0.515
NN,0.9999,0.696,0.4685,0.9874,0.5215,0.9999,0.9999,0.679,0.5765,0.7724,0.5655,0.8079,0.0896,0.7889,0.8394,0.8339,0.448,0.733,0.442,0.8279,0.574,0.9159,0.7275,0.735,0.582,0.7465,0.573,0.6625,0.487,0.6955,0.5675,0.672,0.564
NN,0.9999,0.8374,0.5225,0.8849,0.447,0.8869,0.519,0.8299,0.4775,0.8224,0.5055,0.8339,0.43,0.8604,0.4885,0.8849,0.5435,0.8094,0.4605,0.8789,0.381,0.8699,0.4265,0.9244,0.4245,0.8694,0.471,0.8339,0.5115,0.9319,0.519,0.8659,0.504
NN,0.9999,0.8634,0.475,0.9459,0.5175,0.9999,0.8634,0.8319,0.4705,0.741,0.416,0.9089,0.548,0.7839,0.9999,0.7524,0.609,0.8339,0.55,0.9999,0.35,0.9929,0.0001,0.7864,0.6635,0.7849,0.5735,0.7115,0.541,0.7445,0.573,0.9999,0.9999
NN,0.9999,0.7879,0.492,0.702,0.5,0.692,0.5645,0.7,0.4705,0.7824,0.5705,0.7335,0.541,0.7624,0.4725,0.7899,0.508,0.7509,0.5,0.7295,0.5335,0.7899,0.541,0.749,0.502,0.743,0.55,0.7315,0.541,0.7255,0.6175,0.7155,0.5865
NN,0.9999,0.7095,0.5625,0.675,0.5625,0.616,0.64,0.482,0.7215,0.5225,0.681,0.4045,0.668,0.433,0.6365,0.5135,0.7025,0.326,0.5635,0.4,0.5255,0.407,0.682,0.43,0.476,0.45,0.4645,0.0001,0.0001,0.4855,0.4625,0.4975,0.4685
NN,0.9999,0.9229,0.457,0.3415,0.0971,0.455,0.2181,0.9029,0.523,0.9474,0.496,0.4075,0.8199,0.4,0.1596,0.9284,0.4435,0.8899,0.4215,0.465,0.7539,0.3295,0.9044,0.8944,0.4815,0.8544,0.3735,0.8894,0.4295,0.393,0.1091,0.4075,0.2006
NN,0.9999,0.8544,0.376,0.8214,0.5215,0.726,0.6915,0.8259,0.5915,0.75,0.635,0.7889,0.385,0.7519,0.689,0.6935,0.287,0.6805,0.3695,0.635,0.5585,0.7659,0.481,0.6565,0.439,0.7495,0.4785,0.7415,0.478,0.8214,0.374,0.7519,0.574
NN,0.9999,0.2291,0.5745,0.3315,0.8669,0.7599,0.4305,0.6595,0.466,0.6035,0.424,0.737,0.545,0.7814,0.4225,0.582,0.726,0.6685,0.517,0.7524,0.5355,0.1811,0.1921,0.9999,0.8279,0.7065,0.2995,0.424,0.5555,0.512,0.7789,0.7629,0.455
NN,0.9999,0.646,0.568,0.7265,0.584,0.7589,0.4975,0.7629,0.6045,0.7624,0.417,0.737,0.476,0.7774,0.5195,0.9084,0.388,0.712,0.479,0.675,0.533,0.641,0.3955,0.7584,0.484,0.7519,0.483,0.673,0.549,0.8539,0.4905,0.698,0.484
NN,0.9999,0.8959,0.5845,0.5,0.5,0.7824,0.5345,0.6975,0.9999,0.692,0.9979,0.488,0.7659,0.6185,0.5645,0.4865,0.9754,0.2451,0.9244,0.449,0.694,0.287,0.6185,0.0421,0.9034,0.3295,0.9409,0.0001,0.8469,0.0001,0.5645,0.5,0.5
NN,0.9999,0.9504,0.583,0.8964,0.687,0.8649,0.7524,0.7989,0.8649,0.7215,0.9059,0.622,0.9374,0.532,0.9249,0.437,0.9369,0.3565,0.8979,0.267,0.8294,0.2146,0.7689,0.1591,0.7,0.1411,0.629,0.1381,0.556,0.1426,0.4725,0.1616,0.4005
NN,0.9999,0.9884,0.595,0.9134,0.7315,0.8589,0.7934,0.74,0.9214,0.657,0.9629,0.5515,0.9694,0.4335,0.9214,0.34,0.9579,0.2396,0.8974,0.1586,0.7475,0.1131,0.6675,0.0731,0.589,0.0836,0.493,0.0881,0.4035,0.1636,0.3315,0.2006,0.2515
NN,0.9999,0.0001,0.0001,0.5,0.5,0.7539,0.1076,0.8029,0.6645,0.0001,0.293,0.5,0.5,0.5,0.5,0.9999,0.3665,0.6825,0.1826,0.9854,0.0001,0.0001,0.0001,0.9999,0.2021,0.0001,0.0001,0.0001,0.0001,0.9999,0.0001,0.5,0.5
NN,0.9999,0.8704,0.525,0.8954,0.5125,0.8929,0.519,0.8309,0.5495,0.8389,0.656,0.8794,0.5365,0.8734,0.542,0.8534,0.4605,0.8179,0.5,0.8499,0.557,0.8409,0.561,0.8349,0.577,0.8209,0.568,0.8284,0.5875,0.7989,0.5735,0.7874,0.5755
NN,0.9999,0.9999,0.0001,0.5,0.5,0.8894,0.0036,0.9044,0.7754,0.2905,0.0256,0.5,0.5,0.5,0.5,0.8604,0.1141,0.8674,0.1986,0.5,0.5,0.592,0.0001,0.0001,0.0001,0.0001,0.0001,0.9999,0.0001,0.9999,0.0001,0.5,0.5
NN,0.9999,0.9784,0.4395,0.8164,0.4365,0.9819,0.409,0.9849,0.5425,0.9599,0.4945,0.9174,0.3765,0.9999,0.343,0.9964,0.394,0.9934,0.395,0.9999,0.364,0.9654,0.3025,0.9999,0.404,0.9439,0.342,0.9069,0.3815,0.9454,0.3405,0.8474,0.292
NN,0.9999,0.9724,0.2535,0.9999,0.4815,0.9944,0.0646,0.9504,0.8344,0.9999,0.4495,0.9999,0.4375,0.9999,0.425,0.9999,0.4115,0.9999,0.3975,0.9999,0.3825,0.9999,0.367,0.9999,0.3505,0.9999,0.3335,0.9999,0.3155,0.9999,0.2965,0.9999,0.2765
NN,0.9999,0.5,0.5,0.5,0.5,0.5,0.5,0.5,0.5,0.8109,0.9999,0.5,0.5,0.5,0.5,0.683,0.1401,0.7804,0.0001,0.5,0.5,0.5,0.5,0.5,0.5,0.9999,0.555,0.5,0.5,0.5,0.5,0.5,0.5
NN,0.9999,0.9969,0.5025,0.9204,0.4435,0.9409,0.418,0.9954,0.4685,0.9824,0.4625,0.9259,0.515,0.9359,0.396,0.9694,0.435,0.9914,0.4555,0.9494,0.5005,0.9389,0.4705,0.9669,0.4005,0.9379,0.411,0.9714,0.417,0.9014,0.3715,0.8829,0.361
NN,0.9999,0.5505,0.554,0.5,0.5,0.5,0.5,0.7734,0.9119,0.6555,0.9999,0.5,0.5,0.5,0.5,0.686,0.0001,0.6655,0.0001,0.5,0.5,0.5,0.5,0.287,0.0001,0.9999,0.0001,0.7769,0.382,0.5,0.5,0.5,0.5
NN,0.9999,0.9999,0.2141,0.9959,0.1331,0.9474,0.0131,0.9999,0.321,0.9999,0.384,0.8144,0.0681,0.9999,0.2126,0.9999,0.1021,0.8839,0.0551,0.9829,0.0001,0.8504,0.1256,0.8094,0.1156,0.7689,0.1101,0.9049,0.0001,0.9999,0.0001,0.652,0.1196
NN,0.9999,0.8294,0.1856,0.5,0.5,0.5,0.5,0.8864,0.9999,0.9999,0.36,0.5,0.5,0.5,0.5,0.8104,0.3865,0.9204,0.0001,0.9999,0.0001,0.5,0.5,0.5,0.5,0.9999,0.0306,0.4355,0.0341,0.5,0.5,0.5,0.5
NN,0.9999,0.9314,0.5965,0.9044,0.7055,0.8359,0.7789,0.7729,0.8499,0.6835,0.9074,0.598,0.9284,0.4795,0.9314,0.414,0.8789,0.3295,0.8284,0.259,0.7804,0.1991,0.705,0.2041,0.6285,0.1851,0.544,0.2141,0.461,0.2256,0.4005,0.2855,0.34
NN,0.9999,0.71,0.1951,0.5,0.5,0.9999,0.0001,0.9499,0.9999,0.715,0.8199,0.5,0.5,0.5,0.5,0.8349,0.355,0.9199,0.0001,0.5,0.5,0.5,0.5,0.605,0.8399,0.9999,0.61,0.5,0.5,0.5,0.5,0.5,0.5
NN,0.9999,0.9569,0.9079,0.1351,0.9999,0.3025,0.7784,0.527,0.6485,0.407,0.449,0.484,0.455,0.507,0.483,0.5055,0.4975,0.5015,0.5005,0.5,0.5005,0.5,0.5,0.5,0.5,0.5,0.5,0.5,0.5,0.5,0.5,0.5,0.5
NN,0.9999,0.607,0.4525,0.6665,0.5355,0.595,0.595,0.619,0.5475,0.7025,0.512,0.655,0.476,0.655,0.476,0.643,0.4405,0.6665,0.524,0.655,0.5,0.607,0.4405,0.6785,0.476,0.6105,0.4885,0.595,0.5,0.585,0.49,0.5735,0.4905
NN,0.9999,0.9909,0.5,0.9429,0.5155,0.9309,0.523,0.8999,0.5,0.8454,0.5225,0.8964,0.542,0.8854,0.548,0.8134,0.6275,0.8409,0.5635,0.8534,0.563,0.8429,0.5675,0.8724,0.6135,0.8229,0.5755,0.8364,0.5135,0.8034,0.5825,0.7939,0.5855
NN,0.9999,0.6965,0.7619,0.1061,0.5565,0.417,0.1181,0.8334,0.506,0.9104,0.7025,0.1641,0.6535,0.326,0.1816,0.732,0.5775,0.7739,0.53,0.2411,0.725,0.2615,0.262,0.6605,0.8509,0.7599,0.694,0.7854,0.6965,0.2256,0.3505,0.627,0.2211
NN,0.9999,0.9344,0.4645,0.9999,0.4875,0.9999,0.4655,0.9389,0.501,0.9179,0.468,0.9999,0.4635,0.9999,0.4,0.9344,0.5265,0.9399,0.481,0.9999,0.4425,0.9999,0.4065,0.9219,0.518,0.9999,0.429,0.9109,0.4265,0.9999,0.422,0.9999,0.279
NN,0.9999,0.718,0.4365,0.7909,0.4275,0.591,0.1636,0.6725,0.482,0.6455,0.4725,0.6455,0.6455,0.682,0.291,0.6,0.491,0.682,0.5275,0.5635,0.7455,0.8089,0.582,0.6635,0.582,0.7055,0.465,0.6725,0.4725,0.5635,0.318,0.6455,0.3545
NN,0.9999,0.9999,0.0376,0.9999,0.8774,0.7455,0.4715,0.8114,0.5,0.9999,0.4995,0.7265,0.5375,0.8114,0.4715,0.9944,0.4995,0.7639,0.5,0.7639,0.5375,0.9759,0.4995,0.9999,0.8959,0.9609,0.4995,0.9714,0.0001,0.9999,0.717,0.717,0.4435
NN,0.9999,0.8689,0.9164,0.1191,0.381,0.6665,0.4285,0.726,0.4285,0.1636,0.564,0.6665,0.5,0.643,0.4645,0.309,0.7559,0.619,0.512,0.726,0.524,0.5835,0.369,0.2136,0.449,0.6245,0.2446,0.9999,0.5,0.1666,0.476,0.631,0.512
NN,0.9999,0.719,0.521,0.7914,0.448,0.698,0.5,0.6665,0.469,0.7395,0.5,0.646,0.552,0.7709,0.5105,0.719,0.3855,0.677,0.3855,0.6665,0.5415,0.625,0.594,0.698,0.406,0.72,0.4495,0.7085,0.4585,0.7914,0.344,0.6665,0.469
NN,0.9999,0.9999,0.9999,0.5,0.5,0.5,0.5,0.5,0.5,0.7385,0.0546,0.2426,0.7275,0.0226,0.643,0.8234,0.9999,0.5,0.5,0.5,0.5,0.8099,0.6015,0.0001,0.0001,0.9999,0.0001,0.9999,0.9999,0.5,0.5,0.5,0.5
NN,0.9999,0.9759,0.533,0.9679,0.565,0.9549,0.596,0.9244,0.25,0.9499,0.8064,0.8894,0.6715,0.8614,0.69,0.8304,0.704,0.9774,0.7994,0.7664,0.7205,0.734,0.7225,0.702,0.721,0.672,0.716,0.9514,0.9999,0.617,0.698,0.593,0.686
NN,0.9999,0.7989,0.7015,0.9139,0.9024,0.8799,0.8534,0.9199,0.445,0.9864,0.54,0.9789,0.0716,0.9599,0.9419,0.9774,0.474,0.9434,0.5905,0.9924,0.1521,0.9334,0.0711,0.643,0.3495,0.9999,0.5855,0.8149,0.7135,0.9389,0.9049,0.9099,0.8439
NN,0.9999,0.9794,0.5505,0.9999,0.4905,0.9914,0.513,0.9849,0.4535,0.9949,0.4865,0.9899,0.4845,0.9999,0.4735,0.9999,0.474,0.9689,0.508,0.9879,0.4535,0.9894,0.4735,0.9579,0.4215,0.9784,0.465,0.9549,0.5065,0.9999,0.446,0.9654,0.4655
NN,0.9999,0.5,0.5,0.3315,0.9269,0.5,0.5,0.8444,0.0001,0.9854,0.657,0.37,0.2041,0.349,0.8279,0.9709,0.582,0.5,0.5,0.5,0.5,0.41,0.0001,0.5,0.5,0.9999,0.0001,0.5,0.5,0.522,0.8094,0.5,0.5
NN,0.9999,0.9844,0.5045,0.9999,0.504,0.9934,0.496,0.9894,0.486,0.9989,0.4825,0.9999,0.4935,0.9999,0.487,0.9999,0.494,0.9924,0.5,0.9999,0.487,0.9999,0.4765,0.9799,0.4775,0.9959,0.4825,0.9849,0.4875,0.9999,0.4805,0.9919,0.4795
NN,0.9999,0.5,0.5,0.9944,0.3865,0.5945,0.473,0.5,0.5,0.9659,0.5365,0.9999,0.4,0.9999,0.535,0.9999,0.443,0.5,0.5,0.9999,0.3945,0.9999,0.292,0.5,0.5,0.9999,0.412,0.5,0.5,0.9999,0.3705,0.6445,0.4215
NN,0.9999,0.8204,0.507,0.6705,0.488,0.7639,0.5175,0.5975,0.561,0.7165,0.524,0.61,0.5245,0.6465,0.5,0.683,0.5,0.6585,0.5365,0.634,0.561,0.6185,0.529,0.61,0.549,0.5965,0.528,0.587,0.5275,0.5975,0.5,0.5855,0.5365
NN,0.9999,0.9999,0.9999,0.9999,0.0001,0.5,0.5,0.5,0.5,0.9999,0.9999,0.9999,0.0001,0.9999,0.9999,0.9999,0.0001,0.5,0.5,0.5,0.5,0.9999,0.361,0.5,0.5,0.9999,0.0001,0.9999,0.9999,0.9999,0.0001,0.5,0.5
NN,0.9999,0.6735,0.602,0.7345,0.6225,0.704,0.602,0.7345,0.7245,0.653,0.7959,0.561,0.7754,0.5,0.7549,0.4695,0.7754,0.398,0.7754,0.357,0.7245,0.357,0.6635,0.1941,0.612,0.267,0.5745,0.2041,0.592,0.3265,0.5,0.3675,0.3775
NN,0.9999,0.5,0.5,0.9999,0.0001,0.5,0.5,0.5,0.5,0.9999,0.9999,0.9999,0.3735,0.9999,0.6165,0.9999,0.0001,0.5,0.5,0.5,0.5,0.9999,0.9999,0.5,0.5,0.9999,0.0001,0.5,0.5,0.9999,0.0001,0.5,0.5
NN,0.9999,0.9484,0.691,0.9559,0.6875,0.8714,0.8379,0.728,0.8894,0.5955,0.9449,0.489,0.9299,0.397,0.9119,0.3125,0.8379,0.25,0.739,0.1326,0.691,0.0701,0.544,0.1286,0.4375,0.1606,0.3795,0.2246,0.287,0.2795,0.2466,0.3565,0.2171
NN,0.9999,0.6335,0.45,0.7664,0.5,0.6665,0.4335,0.6835,0.5585,0.7834,0.5085,0.8584,0.5415,0.8499,0.4665,0.7664,0.6,0.7085,0.4915,0.6585,0.6,0.8499,0.5,0.625,0.5665,0.731,0.527,0.7,0.5165,0.7335,0.5165,0.7085,0.475
NN,0.9999,0.3665,0.7,0.3635,0.561,0.411,0.478,0.531,0.4655,0.5225,0.513,0.4955,0.5135,0.492,0.499,0.4995,0.4955,0.5025,0.499,0.5005,0.501,0.4995,0.5005,0.4995,0.5,0.5,0.5,0.5,0.5,0.5,0.5,0.5,0.5
NN,0.9999,0.9999,0.311,0.8244,0.6485,0.8244,0.3785,0.9324,0.5945,0.9999,0.365,0.7569,0.5,0.8109,0.473,0.662,0.392,0.8589,0.4115,0.8109,0.527,0.8784,0.5675,0.6755,0.3515,0.8049,0.389,0.7924,0.385,0.8649,0.2026,0.7569,0.3785
NN,0.9999,0.9724,0.4825,0.0001,0.334,0.0001,0.492,0.9864,0.506,0.9669,0.49,0.0001,0.582,0.0001,0.498,0.9764,0.4825,0.9609,0.4865,0.0041,0.5585,0.0331,0.674,0.9784,0.498,0.9099,0.569,0.9509,0.467,0.0001,0.406,0.0001,0.328
NN,0.9999,0.9759,0.5115,0.9689,0.4935,0.9674,0.506,0.9834,0.4915,0.9844,0.5025,0.9784,0.4845,0.9764,0.498,0.9974,0.4865,0.9989,0.509,0.9679,0.475,0.9689,0.488,0.9854,0.4775,0.9809,0.492,0.9869,0.5095,0.9769,0.483,0.9789,0.504
NN,0.9999,0.9999,0.4725,0.9999,0.0001,0.75,0.4445,0.6805,0.389,0.9999,0.3715,0.5835,0.4445,0.9999,0.3265,0.9999,0.3055,0.9999,0.2855,0.5,0.375,0.9999,0.2486,0.9999,0.361,0.9999,0.2146,0.9999,0.361,0.9999,0.1841,0.9999,0.1706
NN,0.9999,0.655,0.4485,0.6205,0.4485,0.6035,0.4655,0.537,0.473,0.518,0.4815,0.5085,0.488,0.5035,0.4925,0.5015,0.4955,0.5005,0.4975,0.5,0.4985,0.5,0.499,0.5,0.4995,0.5,0.5,0.5,0.5,0.5,0.5,0.5,0.5
NN,0.9999,0.8134,0.461,0.8624,0.5,0.8039,0.461,0.8134,0.441,0.8429,0.441,0.8334,0.4315,0.8234,0.451,0.7744,0.441,0.7744,0.392,0.7939,0.402,0.8334,0.3825,0.7255,0.3725,0.7619,0.3765,0.7844,0.343,0.7155,0.392,0.7355,0.3625
NN,0.9999,0.625,0.5835,0.7335,0.6335,0.595,0.62,0.539,0.5995,0.5055,0.5745,0.488,0.551,0.4815,0.5315,0.481,0.5175,0.484,0.5075,0.4875,0.502,0.4915,0.4985,0.4945,0.4975,0.497,0.497,0.4985,0.4975,0.4995,0.498,0.5,0.4985
NN,0.9999,0.1721,0.578,0.531,0.5,0.5,0.531,0.8124,0.531,0.594,0.5,0.4845,0.547,0.531,0.5,0.578,0.422,0.719,0.3125,0.5,0.453,0.5,0.5,0.5155,0.2655,0.5155,0.5,0.1406,0.5155,0.4845,0.5,0.5,0.547
NN,0.9999,0.9999,0.4945,0.9999,0.4865,0.9999,0.4675,0.9754,0.492,0.9944,0.484,0.9944,0.543,0.9999,0.4675,0.9754,0.546,0.9889,0.4975,0.9999,0.5325,0.9999,0.5215,0.9889,0.546,0.9929,0.5065,0.9999,0.484,0.9999,0.5135,0.9999,0.465
NN,0.9999,0.9264,0.527,0.9999,0.5405,0.9999,0.9999,0.9574,0.496,0.9184,0.5195,0.9999,0.636,0.9999,0.9999,0.9069,0.5235,0.9534,0.558,0.9999,0.7534,0.9999,0.0001,0.9029,0.5195,0.9999,0.8579,0.9224,0.535,0.9999,0.9364,0.9999,0.9999
NN,0.9999,0.3975,0.644,0.615,0.55,0.641,0.659,0.661,0.675,0.6815,0.327,0.546,0.6375,0.4525,0.605,0.456,0.6175,0.329,0.657,0.26,0.46,0.6495,0.666,0.2101,0.38,0.661,0.3575,0.265,0.5925,0.3645,0.344,0.702,0.515
NN,0.9999,0.7999,0.5165,0.8164,0.5335,0.8499,0.5335,0.8499,0.5,0.8164,0.5,0.8999,0.5,0.8664,0.5,0.8499,0.55,0.8334,0.55,0.8664,0.4835,0.8834,0.5,0.8164,0.5665,0.8294,0.551,0.7999,0.5665,0.7999,0.5835,0.8164,0.5835
NN,0.9999,0.5295,0.496,0.5335,0.504,0.5,0.4945,0.503,0.4805,0.5085,0.4625,0.497,0.5265,0.532,0.483,0.5,0.5475,0.468,0.5375,0.4765,0.5125,0.514,0.497,0.504,0.503,0.5515,0.496,0.5155,0.4985,0.5225,0.5,0.5235,0.483
NN,0.9999,0.9734,0.6435,0.8629,0.8359,0.738,0.9124,0.5065,0.9454,0.3755,0.9224,0.262,0.7804,0.1206,0.7085,0.1676,0.536,0.1731,0.4025,0.2376,0.28,0.3455,0.2246,0.4795,0.1761,0.5805,0.2181,0.684,0.2905,0.7305,0.3875,0.7519,0.47
NN,0.9999,0.5275,0.507,0.487,0.523,0.507,0.523,0.461,0.5045,0.5085,0.467,0.4815,0.5215,0.4585,0.477,0.4525,0.54,0.48,0.526,0.51,0.5115,0.4815,0.4945,0.516,0.4955,0.5045,0.5085,0.513,0.5055,0.513,0.5055,0.477,0.497
NN,0.9999,0.8619,0.4945,0.8984,0.5055,0.8999,0.501,0.8949,0.5055,0.8919,0.495,0.9169,0.5165,0.9254,0.5085,0.9004,0.496,0.8954,0.485,0.8799,0.517,0.8739,0.5275,0.8629,0.4925,0.8899,0.503,0.8704,0.475,0.9149,0.515,0.8949,0.504
NN,0.9999,0.5195,0.513,0.502,0.5,0.51,0.49,0.5105,0.475,0.476,0.4935,0.507,0.4885,0.5,0.4835,0.4765,0.4855,0.4915,0.518,0.5105,0.502,0.5255,0.4885,0.5255,0.5095,0.52,0.508,0.51,0.5035,0.487,0.4905,0.493,0.51
NN,0.9999,0.7355,0.614,0.7115,0.668,0.6285,0.738,0.5095,0.7475,0.4895,0.7699,0.3295,0.656,0.2935,0.6625,0.2421,0.5345,0.25,0.442,0.426,0.427,0.426,0.3095,0.3835,0.5015,0.518,0.3415,0.5795,0.3915,0.6245,0.3785,0.6335,0.521
NN,0.9999,0.5435,0.5035,0.57,0.4795,0.5525,0.459,0.563,0.469,0.6165,0.4945,0.562,0.539,0.573,0.4325,0.6455,0.476,0.595,0.5365,0.5585,0.5,0.556,0.499,0.5755,0.4485,0.5425,0.507,0.556,0.467,0.548,0.4635,0.5585,0.4655
NN,0.9999,0.9714,0.693,0.7415,0.8224,0.608,0.8874,0.2206,0.8244,0.1316,0.71,0.1196,0.5,0.1866,0.3445,0.308,0.1891,0.436,0.1536,0.7495,0.1821,0.8574,0.3115,0.8694,0.4725,0.8004,0.652,0.7275,0.8024,0.5135,0.7724,0.392,0.7524
NN,0.9999,0.51,0.5035,0.5205,0.496,0.5105,0.5055,0.5055,0.522,0.5015,0.5005,0.51,0.4845,0.49,0.5305,0.4795,0.5135,0.488,0.498,0.522,0.4875,0.509,0.5,0.5,0.4935,0.509,0.4945,0.503,0.492,0.4915,0.488,0.5035,0.5
NN,0.9999,0.9284,0.5005,0.9094,0.4715,0.8874,0.479,0.9214,0.545,0.9314,0.5595,0.9404,0.4695,0.8914,0.5175,0.9184,0.466,0.9179,0.429,0.9404,0.506,0.9524,0.511,0.8984,0.4905,0.9119,0.4815,0.9404,0.468,0.8694,0.4905,0.8954,0.454
NN,0.9999,0.9999,0.0001,0.9999,0.9999,0.0001,0.9999,0.9999,0.0001,0.9999,0.0001,0.0001,0.0001,0.0001,0.9999,0.9999,0.9999,0.9999,0.9999,0.0001,0.9999,0.9999,0.0001,0.9999,0.0001,0.9999,0.9999,0.9999,0.9999,0.0001,0.9999,0.0001,0.9999
NN,0.9999,0.9259,0.6965,0.6945,0.8819,0.5445,0.9944,0.287,0.9434,0.1191,0.75,0.0346,0.554,0.0706,0.345,0.1701,0.2236,0.4035,0.0696,0.642,0.0976,0.8229,0.324,0.8889,0.3835,0.8584,0.6065,0.689,0.7914,0.5985,0.8314,0.444,0.8244
NN,0.9999,0.9999,0.9999,0.9999,0.7559,0.8124,0.0001,0.9999,0.9999,0.5125,0.5155,0.9999,0.9999,0.5,0.5,0.9999,0.0001,0.9999,0.9999,0.9999,0.9999,0.656,0.9999,0.9999,0.9999,0.9999,0.9999,0.9999,0.9999,0.0281,0.9999,0.5,0.5
NN,0.9999,0.9999,0.7744,0.8134,0.9999,0.51,0.9999,0.255,0.9609,0.0881,0.7939,0.0001,0.559,0.0196,0.3335,0.1766,0.1571,0.3825,0.0686,0.6765,0.0001,0.8724,0.1376,0.9609,0.392,0.9644,0.6095,0.8624,0.7844,0.6175,0.9509,0.441,0.9509
NN,0.9999,0.5,0.5,0.0001,0.0001,0.0001,0.9999,0.5,0.5,0.0001,0.9999,0.9999,0.9999,0.9999,0.0001,0.5,0.5,0.5,0.5,0.0001,0.0001,0.0001,0.9999,0.9999,0.719,0.9999,0.0001,0.5,0.5,0.0001,0.0001,0.0001,0.9999
NN,0.9999,0.722,0.722,0.7684,0.9539,0.389,0.9999,0.3335,0.9444,0.0001,0.6665,0.0001,0.4445,0.0001,0.389,0.1666,0.1111,0.7779,0.0001,0.389,0.1111,0.8889,0.389,0.6665,0.5,0.9604,0.725,0.7874,0.9219,0.611,0.9999,0.2221,0.9999
NN,0.0001,0.5,0.5,0.5,0.5,0.5,0.5,0.5,0.5,0.5,0.5,0.5,0.5,0.5,0.5,0.5,0.5,0.5,0.5,0.5,0.5,0.5,0.5,0.5,0.5,0.9999,0.5,0.5,0.5,0.5,0.5,0.5,0.5
NN,0.9999,0.9999,0.5,0.9999,0.5,0.75,0.75,0.8749,0.5,0.9559,0.5605,0.9454,0.571,0.9344,0.581,0.8749,0.625,0.8749,0.75,0.8749,0.5,0.9999,0.375,0.75,0.75,0.8694,0.632,0.8749,0.625,0.8479,0.6455,0.8374,0.6515
NN,0.0001,0.0001,0.9999,0.9999,0.9999,0.5,0.5,0.9999,0.0001,0.9999,0.0001,0.9999,0.0001,0.0001,0.0001,0.5,0.5,0.0001,0.0001,0.5,0.5,0.5,0.5,0.0001,0.0001,0.9999,0.0001,0.9999,0.9999,0.0001,0.0001,0.5,0.5
NN,0.9999,0.9999,0.5,0.9999,0.5,0.8334,0.5555,0.9999,0.4445,0.9444,0.4445,0.9999,0.389,0.8889,0.5,0.8889,0.5,0.9999,0.4445,0.8889,0.4445,0.8334,0.4445,0.8334,0.5,0.9514,0.473,0.9999,0.5555,0.9444,0.4445,0.9999,0.5
NN,0.9999,0.9999,0.559,0.9999,0.6175,0.9999,0.706,0.9999,0.5295,0.9999,0.6175,0.9999,0.559,0.9999,0.7355,0.9999,0.4705,0.9999,0.441,0.9999,0.6765,0.9999,0.706,0.9999,0.441,0.9999,0.601,0.9999,0.5295,0.9999,0.6765,0.9999,0.6175
NN,0.9999,0.5,0.5,0.0001,0.1861,0.9999,0.7554,0.54,0.383,0.0001,0.319,0.564,0.2051,0.9999,0.0001,0.5,0.5,0.9149,0.46,0.375,0.9999,0.585,0.1466,0.5,0.5,0.4045,0.266,0.3885,0.2555,0.8724,0.9519,0.1621,0.7285
NN,0.9999,0.9584,0.646,0.9164,0.4165,0.8539,0.625,0.9374,0.4585,0.9584,0.521,0.9164,0.5625,0.8539,0.5,0.9374,0.521,0.9999,0.5415,0.8334,0.4585,0.8749,0.5835,0.9164,0.4375,0.9189,0.5275,0.9999,0.604,0.8539,0.5,0.8539,0.521
NN,0.9999,0.593,0.4165,0.5,0.5,0.5,0.5,0.5,0.5,0.5,0.5,0.5575,0.4045,0.5,0.5,0.5,0.5,0.5,0.5,0.5,0.5,0.4745,0.467,0.5395,0.545,0.5865,0.4455,0.5625,0.548,0.513,0.476,0.584,0.598
NN,0.9999,0.9999,0.459,0.9999,0.4435,0.9959,0.351,0.9999,0.3345,0.9834,0.3285,0.9289,0.2635,0.9594,0.259,0.8654,0.1741,0.8404,0.1826,0.9119,0.1086,0.7939,0.1261,0.8349,0.0186,0.744,0.0716,0.6895,0.0806,0.6205,0.0561,0.646,0.0521
NN,0.9999,0.9999,0.9999,0.0001,0.9999,0.0001,0.0876,0.673,0.6055,0.7305,0.535,0.614,0.5285,0.6755,0.673,0.8639,0.4805,0.614,0.7654,0.5,0.5,0.351,0.419,0.9999,0.1666,0.9999,0.0001,0.9999,0.377,0.6755,0.601,0.9144,0.5395
NN,0.9999,0.9999,0.6205,0.9989,0.502,0.9009,0.3495,0.9494,0.3825,0.8529,0.3795,0.8694,0.3475,0.8574,0.3195,0.736,0.1941,0.7025,0.2246,0.8049,0.3035,0.7659,0.3365,0.62,0.2396,0.646,0.258,0.564,0.3045,0.5785,0.2436,0.592,0.267
NN,0.9999,0.9609,0.403,0.9819,0.4115,0.9349,0.387,0.9084,0.3645,0.8964,0.3555,0.8514,0.252,0.8164,0.25,0.6865,0.1466,0.6355,0.1396,0.7025,0.2291,0.6675,0.2016,0.574,0.1821,0.5465,0.2021,0.464,0.2256,0.491,0.2296,0.4625,0.2605
NN,0.9999,0.0001,0.0001,0.2466,0.9999,0.9999,0.0001,0.9999,0.7689,0.5,0.5,0.62,0.0001,0.9999,0.9999,0.5,0.5,0.9999,0.9999,0.9999,0.9999,0.5,0.5,0.1426,0.9999,0.6665,0.0001,0.9999,0.0001,0.8489,0.0001,0.738,0.9999
NN,0.9999,0.9209,0.7175,0.75,0.8809,0.5495,0.9674,0.311,0.9409,0.1381,0.8059,0.0306,0.597,0.0666,0.3725,0.1856,0.1721,0.3745,0.0716,0.581,0.0676,0.7574,0.1656,0.8744,0.3555,0.8894,0.5395,0.8204,0.714,0.657,0.8119,0.498,0.8469
NN,0.9999,0.9999,0.9999,0.5,0.5,0.9999,0.0001,0.0001,0.0001,0.9999,0.9999,0.9999,0.0001,0.5,0.5,0.9999,0.0001,0.9999,0.9999,0.5,0.5,0.9999,0.0001,0.0001,0.0001,0.9999,0.9999,0.0001,0.9999,0.0001,0.9999,0.5,0.5
NN,0.9999,0.9999,0.8174,0.9999,0.9999,0.8854,0.9999,0.3335,0.9999,0.0001,0.9999,0.5,0.9999,0.0001,0.9999,0.0001,0.5,0.0001,0.1666,0.0001,0.0376,0.0001,0.3335,0.3335,0.0001,0.596,0.0001,0.9999,0.0001,0.5,0.0001,0.9999,0.1666
NN,0.0001,0.0001,0.9999,0.0001,0.0001,0.5,0.5,0.0001,0.9999,0.9999,0.0001,0.0001,0.0001,0.0001,0.9999,0.5,0.5,0.0001,0.0001,0.0001,0.9999,0.5,0.5,0.9999,0.0001,0.9999,0.9999,0.9999,0.0001,0.9999,0.9999,0.5,0.5
NN,0.9999,0.9999,0.534,0.9999,0.571,0.9999,0.6105,0.9999,0.4375,0.9999,0.6975,0.9999,0.745,0.9999,0.7949,0.3125,0.9999,0.9999,0.5,0.9999,0.9599,0.9999,0.9999,0.9999,0.9999,0.9999,0.9999,0.9999,0.625,0.9999,0.9999,0.9999,0.9999
NN,0.0001,0.0001,0.0001,0.5,0.5,0.5,0.5,0.5,0.5,0.5,0.5,0.5,0.5,0.9999,0.0001,0.5,0.5,0.0001,0.0001,0.5,0.5,0.9999,0.9999,0.9999,0.0001,0.9999,0.0001,0.5,0.5,0.5,0.5,0.5,0.5
NN,0.9999,0.8244,0.4605,0.7914,0.428,0.4345,0.393,0.649,0.522,0.6905,0.3685,0.6445,0.34,0.5175,0.4055,0.6015,0.353,0.576,0.3545,0.5475,0.3425,0.533,0.366,0.515,0.3745,0.5,0.384,0.487,0.3945,0.4765,0.405,0.5065,0.364
NN,0.9999,0.5,0.5,0.5,0.5,0.5,0.5,0.5,0.5,0.9999,0.3335,0.5835,0.63,0.5,0.5,0.5,0.5,0.5,0.5,0.401,0.3905,0.4165,0.9529,0.0001,0.75,0.521,0.8749,0.3855,0.0001,0.4375,0.3645,0.401,0.0311
NN,0.9999,0.9999,0.5255,0.9969,0.5505,0.9804,0.574,0.9774,0.3675,0.8299,0.7734,0.9019,0.6265,0.8689,0.637,0.8339,0.6435,0.7979,0.6465,0.7624,0.646,0.728,0.6425,0.695,0.636,0.6645,0.628,0.637,0.618,0.612,0.607,0.5905,0.5955
NN,0.9999,0.9999,0.4525,0.0001,0.0001,0.0001,0.0001,0.9999,0.6585,0.9064,0.8809,0.0001,0.0001,0.0001,0.9999,0.737,0.9999,0.9999,0.9999,0.8439,0.0001,0.0001,0.0001,0.9144,0.6825,0.9999,0.9999,0.9999,0.7539,0.0001,0.3375,0.0001,0.8639
NN,0.9999,0.9684,0.499,0.8039,0.716,0.9614,0.2995,0.9654,0.584,0.9809,0.5455,0.9984,0.541,0.9579,0.5255,0.9229,0.3735,0.9369,0.4275,0.9244,0.6305,0.8754,0.482,0.9224,0.487,0.9364,0.4885,0.9924,0.547,0.8914,0.449,0.9289,0.4265
NN,0.9999,0.9999,0.0001,0.9999,0.9999,0.9999,0.9999,0.9999,0.25,0.9999,0.9999,0.9999,0.9999,0.9999,0.9999,0.5,0.5,0.9999,0.9999,0.9999,0.9999,0.9999,0.0001,0.9999,0.9999,0.9999,0.8124,0.9999,0.1251,0.1251,0.9999,0.9999,0.9999
NN,0.9999,0.9999,0.6155,0.9999,0.1076,0.9999,0.448,0.9999,0.577,0.9999,0.639,0.9904,0.4655,0.9999,0.533,0.9789,0.405,0.9179,0.422,0.9869,0.5185,0.9979,0.546,0.9999,0.4935,0.9809,0.477,0.9559,0.5195,0.9999,0.4315,0.9824,0.4415
NN,0.9999,0.6845,0.0001,0.0001,0.0001,0.4615,0.9999,0.9999,0.9749,0.8729,0.3065,0.0001,0.1036,0.4515,0.9999,0.7435,0.7325,0.659,0.3625,0.4285,0.399,0.44,0.5345,0.515,0.533,0.517,0.494,0.498,0.4915,0.496,0.5005,0.5,0.5015
NN,0.9999,0.8989,0.6915,0.9039,0.415,0.9999,0.4615,0.9909,0.463,0.8509,0.6035,0.9984,0.5105,0.9909,0.5125,0.9999,0.4345,0.9784,0.5385,0.9999,0.501,0.9514,0.654,0.9999,0.4275,0.9999,0.498,0.8779,0.5395,0.9999,0.406,0.9999,0.4715
NN,0.0001,0.5,0.5,0.5,0.5,0.5,0.5,0.5,0.5,0.5,0.5,0.9999,0.9999,0.9999,0.9999,0.9999,0.0001,0.5,0.5,0.9999,0.9999,0.9999,0.0001,0.9999,0.9999,0.9999,0.5,0.9999,0.9999,0.9999,0.0001,0.5,0.5
NN,0.9999,0.9999,0.358,0.9999,0.3735,0.9729,0.3245,0.9999,0.347,0.9634,0.2545,0.9539,0.2795,0.8784,0.2056,0.8484,0.2101,0.7979,0.2121,0.8424,0.1451,0.7724,0.0636,0.746,0.1336,0.6775,0.1196,0.632,0.1091,0.583,0.1346,0.57,0.1501
NN,0.9999,0.5,0.5,0.5,0.5,0.5,0.5,0.0751,0.0001,0.5,0.5,0.9999,0.0001,0.5,0.5,0.0001,0.0001,0.0001,0.0001,0.9999,0.0001,0.2001,0.0001,0.9999,0.9999,0.0001,0.4,0.9999,0.0001,0.5,0.9999,0.5,0.5
NN,0.9999,0.9999,0.5455,0.9774,0.4545,0.8864,0.5,0.9999,0.5,0.9774,0.5,0.9999,0.5225,0.9544,0.4775,0.9999,0.5,0.9999,0.5,0.9319,0.5455,0.8864,0.5455,0.9544,0.5225,0.9574,0.5145,0.9774,0.5455,0.9319,0.4545,0.9319,0.5225
NN,0.0001,0.5,0.5,0.0001,0.9999,0.9999,0.9999,0.0001,0.0001,0.5,0.5,0.0001,0.0001,0.0001,0.344,0.0001,0.0001,0.9999,0.0001,0.9999,0.0001,0.5,0.5,0.9999,0.0001,0.0001,0.0001,0.5,0.5,0.9999,0.0001,0.5,0.5
NN,0.9999,0.9559,0.456,0.9854,0.588,0.9119,0.544,0.9559,0.4855,0.9854,0.412,0.9854,0.5735,0.9704,0.5145,0.9999,0.5,0.9999,0.5,0.8824,0.559,0.9409,0.5145,0.9264,0.5145,0.9634,0.513,0.9704,0.441,0.9854,0.5295,0.9559,0.5295
NN,0.9999,0.0001,0.9999,0.0001,0.576,0.642,0.9999,0.0001,0.9999,0.0001,0.0001,0.9999,0.9999,0.0001,0.3825,0.6415,0.0001,0.9999,0.9999,0.343,0.0001,0.0001,0.0001,0.9999,0.0001,0.0001,0.482,0.9999,0.0001,0.0001,0.3385,0.5745,0.9999
NN,0.9999,0.737,0.4475,0.9189,0.509,0.9159,0.513,0.8419,0.4735,0.8419,0.5,0.8994,0.525,0.8914,0.529,0.9209,0.737,0.9999,0.5265,0.8629,0.538,0.8514,0.5405,0.7105,0.6055,0.8269,0.545,0.7629,0.3945,0.8009,0.5475,0.7869,0.5485
NN,0.9999,0.497,0.25,0.5,0.5,0.4905,0.9999,0.5,0.5,0.5,0.5,0.5,0.5,0.5,0.5,0.5,0.5,0.657,0.9644,0.3235,0.8719,0.327,0.0961,0.5,0.5,0.1926,0.2436,0.5,0.5,0.5,0.5,0.5,0.5
NN,0.9999,0.9999,0.7275,0.9999,0.7724,0.9089,0.8179,0.9999,0.4545,0.9999,0.5,0.9089,0.2725,0.8179,0.6365,0.9999,0.1821,0.9999,0.3635,0.9544,0.2725,0.9999,0.539,0.9999,0.4545,0.9999,0.5445,0.9999,0.682,0.9999,0.8179,0.8634,0.6365
NN,0.0001,0.0001,0.0001,0.9999,0.0001,0.0001,0.9999,0.5,0.5,0.9999,0.0001,0.9999,0.0001,0.5,0.5,0.5,0.5,0.5,0.5,0.0001,0.9999,0.9999,0.0001,0.0001,0.9999,0.9999,0.9999,0.5,0.5,0.9999,0.75,0.5,0.5
NN,0.9999,0.7275,0.5455,0.8179,0.5455,0.6365,0.591,0.8179,0.5,0.682,0.4545,0.7275,0.4545,0.743,0.4935,0.8179,0.409,0.7275,0.5,0.682,0.4545,0.6365,0.591,0.682,0.4545,0.672,0.491,0.6365,0.5,0.682,0.5,0.645,0.491
NN,0.9999,0.0001,0.2016,0.5,0.5,0.0001,0.8224,0.0646,0.9999,0.5,0.5,0.5,0.5,0.5,0.5,0.5,0.5,0.5,0.5,0.0001,0.0001,0.5,0.5,0.649,0.617,0.9999,0.7579,0.5,0.5,0.5,0.5,0.5,0.5
NN,0.9999,0.9999,0.5715,0.9999,0.8569,0.9999,0.8569,0.9999,0.4285,0.9284,0.4285,0.9999,0.5125,0.9999,0.5,0.7145,0.4285,0.9999,0.518,0.9999,0.357,0.9999,0.5,0.643,0.357,0.9999,0.5245,0.9999,0.526,0.9999,0.7854,0.9999,0.5
NN,0.0001,0.9999,0.9999,0.9999,0.0001,0.9999,0.9999,0.9999,0.9999,0.9999,0.9999,0.9999,0.0001,0.9999,0.9999,0.9999,0.0001,0.9999,0.0001,0.9999,0.9999,0.9999,0.9999,0.9999,0.0001,0.9999,0.9999,0.9999,0.9999,0.9999,0.9999,0.9999,0.9999
NN,0.9999,0.9349,0.735,0.7694,0.9109,0.552,0.9764,0.31,0.9394,0.1306,0.7909,0.0396,0.5835,0.0881,0.3755,0.2031,0.1836,0.38,0.0856,0.594,0.1066,0.7579,0.2131,0.8464,0.376,0.8454,0.5525,0.7639,0.699,0.63,0.7829,0.4665,0.7879
NN,0.0001,0.9999,0.0001,0.9999,0.9999,0.9999,0.0001,0.9999,0.9999,0.9999,0.0001,0.9999,0.0001,0.9999,0.0001,0.9999,0.9999,0.9999,0.9999,0.9999,0.9999,0.9999,0.0001,0.9999,0.9999,0.9999,0.9999,0.9999,0.9999,0.9999,0.9999,0.9999,0.0001
NN,0.9999,0.9634,0.521,0.9464,0.579,0.9304,0.599,0.9184,0.6825,0.9029,0.701,0.8809,0.703,0.8329,0.742,0.8004,0.7589,0.7669,0.7609,0.742,0.7709,0.7125,0.7784,0.6665,0.7764,0.635,0.7709,0.6115,0.7669,0.5715,0.7455,0.558,0.733
NN,0.9999,0.9674,0.568,0.9684,0.627,0.9284,0.694,0.8949,0.7355,0.8619,0.7994,0.8264,0.8749,0.7539,0.8679,0.708,0.9134,0.6275,0.9299,0.5685,0.9279,0.5025,0.9444,0.463,0.8989,0.395,0.8899,0.334,0.8574,0.3075,0.8219,0.263,0.7789
NN,0.0001,0.9999,0.0001,0.0001,0.9999,0.0001,0.9999,0.9999,0.9999,0.9999,0.9999,0.0001,0.0001,0.0001,0.0001,0.9999,0.9999,0.9999,0.0001,0.0001,0.0001,0.0001,0.0001,0.9999,0.5,0.9999,0.0001,0.9999,0.0001,0.0001,0.9999,0.0001,0.9999
NN,0.9999,0.9029,0.5655,0.8654,0.6215,0.8229,0.595,0.6845,0.728,0.724,0.732,0.625,0.7864,0.626,0.6855,0.576,0.7594,0.451,0.7874,0.4825,0.7145,0.4555,0.722,0.4255,0.7,0.4005,0.675,0.381,0.6475,0.367,0.6195,0.381,0.656
NN,0.0001,0.9999,0.0001,0.9999,0.9999,0.9999,0.0001,0.9999,0.9999,0.9999,0.0001,0.9999,0.9999,0.9999,0.0001,0.9999,0.0001,0.9999,0.9999,0.9999,0.9999,0.9999,0.0001,0.9999,0.0001,0.9999,0.0001,0.9999,0.9999,0.9999,0.0001,0.9999,0.9999
NN,0.9999,0.9874,0.5655,0.9704,0.6,0.9439,0.661,0.9449,0.6635,0.9279,0.726,0.8614,0.7614,0.8494,0.7939,0.7924,0.8344,0.7445,0.8519,0.721,0.8409,0.6765,0.8779,0.634,0.8809,0.584,0.8924,0.5375,0.9019,0.485,0.8884,0.4485,0.8709
NN,0.0001,0.5,0.5,0.9999,0.9999,0.5,0.5,0.9999,0.9999,0.5,0.5,0.9999,0.0001,0.5,0.5,0.5,0.5,0.5,0.5,0.5,0.5,0.5,0.5,0.5,0.5,0.9999,0.0001,0.5,0.5,0.0001,0.9999,0.5,0.5
NN,0.9999,0.9614,0.5775,0.9319,0.649,0.8629,0.684,0.8529,0.7839,0.7869,0.8134,0.7165,0.8734,0.6585,0.8384,0.5955,0.8839,0.5235,0.8809,0.4395,0.8849,0.4075,0.8564,0.3535,0.8284,0.306,0.7929,0.266,0.7504,0.2346,0.7035,0.2191,0.6755
NN,0.0001,0.5,0.5,0.9999,0.9999,0.9999,0.9999,0.5,0.5,0.5,0.5,0.0001,0.0001,0.5,0.5,0.0001,0.0001,0.5,0.5,0.5,0.5,0.9999,0.9999,0.5,0.5,0.9999,0.9999,0.5,0.5,0.0001,0.9999,0.5,0.5
NN,0.9999,0.9439,0.6905,0.8294,0.8469,0.6455,0.9394,0.4665,0.9504,0.302,0.9019,0.1771,0.7824,0.0851,0.6345,0.1056,0.459,0.1861,0.3455,0.267,0.2221,0.418,0.1786,0.548,0.1946,0.652,0.258,0.716,0.351,0.735,0.4525,0.711,0.563
NN,0.9999,0.8674,0.3085,0.9009,0.5515,0.8939,0.5765,0.7779,0.5265,0.9999,0.606,0.8594,0.645,0.8439,0.6645,0.7485,0.5865,0.8214,0.486,0.7869,0.7125,0.7654,0.7245,0.9724,0.7874,0.721,0.741,0.5625,0.9999,0.6755,0.7485,0.653,0.749
NN,0.0001,0.5,0.5,0.5,0.5,0.5,0.5,0.5,0.5,0.5,0.5,0.5,0.5,0.5,0.5,0.5,0.5,0.5,0.5,0.5,0.5,0.5,0.5,0.5,0.5,0.9999,0.9999,0.5,0.5,0.5,0.5,0.5,0.5
NN,0.9999,0.9729,0.5045,0.9864,0.4985,0.9944,0.502,0.9789,0.508,0.9704,0.5175,0.9859,0.5235,0.9929,0.5095,0.9714,0.5355,0.9929,0.4965,0.9889,0.525,0.9819,0.5355,0.9664,0.5405,0.9759,0.522,0.9874,0.504,0.9889,0.5355,0.9999,0.4985
NN,0.0001,0.9999,0.9999,0.0001,0.0001,0.0001,0.0001,0.5,0.5,0.5,0.5,0.0001,0.0001,0.5,0.5,0.5,0.5,0.5,0.5,0.0001,0.9999,0.9999,0.9999,0.5,0.5,0.9999,0.0001,0.5,0.5,0.0001,0.0001,0.0001,0.0001
NN,0.9999,0.7524,0.4155,0.8569,0.5075,0.8554,0.5115,0.8404,0.5065,0.673,0.528,0.8449,0.522,0.8404,0.5255,0.8349,0.5285,0.8169,0.4765,0.8224,0.5345,0.8154,0.537,0.9199,0.5905,0.7994,0.5415,0.691,0.534,0.7824,0.545,0.7729,0.5465
NN,0.9999,0.8434,0.9999,0.9599,0.1196,0.9089,0.5215,0.8804,0.5535,0.9339,0.8684,0.8504,0.591,0.8794,0.5685,0.9674,0.3745,0.8534,0.5935,0.8244,0.623,0.8009,0.8869,0.9999,0.2311,0.9464,0.611,0.8554,0.7689,0.9999,0.4675,0.7824,0.6195
NN,0.9999,0.8814,0.461,0.9999,0.352,0.9999,0.0716,0.8999,0.5305,0.728,0.286,0.9999,0.437,0.9999,0.0826,0.7465,0.5095,0.9109,0.4705,0.9909,0.4005,0.9999,0.61,0.8479,0.3675,0.9604,0.3775,0.8944,0.51,0.9374,0.3645,0.9999,0.2151
NN,0.9999,0.6925,0.578,0.706,0.537,0.6325,0.6205,0.6165,0.566,0.5975,0.6265,0.6225,0.685,0.5445,0.615,0.4805,0.685,0.5255,0.6245,0.6245,0.5485,0.539,0.65,0.4875,0.6425,0.47,0.6315,0.426,0.574,0.4535,0.6555,0.4045,0.644
NN,0.9999,0.532,0.4235,0.478,0.5295,0.542,0.4875,0.4925,0.5935,0.532,0.5,0.5615,0.4505,0.5295,0.5,0.51,0.485,0.436,0.3965,0.5345,0.5075,0.5345,0.515,0.5395,0.5815,0.6405,0.4755,0.4705,0.453,0.522,0.527,0.537,0.446
NN,0.9999,0.8094,0.554,0.8534,0.4655,0.8519,0.5085,0.8714,0.501,0.8549,0.579,0.8579,0.499,0.8989,0.533,0.9184,0.417,0.8434,0.4545,0.8124,0.4935,0.8049,0.5585,0.8564,0.4525,0.8489,0.4915,0.8164,0.524,0.8944,0.4745,0.8259,0.4765
NN,0.9999,0.6265,0.6795,0.5,0.5,0.352,0.0001,0.5,0.5,0.538,0.4635,0.5,0.5,0.5,0.5,0.5,0.5,0.5,0.5,0.504,0.8404,0.4,0.6685,0.448,0.6785,0.528,0.0001,0.5,0.5,0.5315,0.0001,0.5,0.5
NN,0.9999,0.9444,0.508,0.9599,0.5065,0.9619,0.507,0.9459,0.449,0.9504,0.458,0.9649,0.495,0.9654,0.4555,0.9299,0.4745,0.9474,0.48,0.9419,0.4395,0.9444,0.4405,0.9149,0.4295,0.9324,0.441,0.9274,0.4345,0.9174,0.4375,0.9339,0.439
NN,0.9999,0.5,0.5,0.9999,0.5645,0.9419,0.49,0.5,0.5,0.9999,0.288,0.9999,0.598,0.9999,0.4735,0.9999,0.0921,0.5,0.5,0.9999,0.48,0.9999,0.4065,0.5,0.5,0.9999,0.0001,0.5,0.5,0.9999,0.559,0.9534,0.452
NN,0.9999,0.9054,0.5185,0.9254,0.4995,0.8949,0.5035,0.8979,0.4785,0.9379,0.5,0.9279,0.4665,0.9319,0.5015,0.9144,0.473,0.9049,0.4405,0.8844,0.458,0.9214,0.475,0.8849,0.4655,0.9079,0.4565,0.9129,0.448,0.9069,0.475,0.9104,0.4245
NN,0.9999,0.5,0.5,0.5,0.5,0.5,0.5,0.5,0.5,0.5,0.5,0.0001,0.9999,0.9999,0.7759,0.5,0.5,0.5,0.5,0.5,0.5,0.5,0.5,0.5,0.5,0.9999,0.9999,0.5,0.5,0.5,0.5,0.5,0.5
NN,0.9999,0.7495,0.509,0.7155,0.452,0.7529,0.479,0.7504,0.548,0.7235,0.53,0.7789,0.4405,0.7584,0.482,0.7634,0.47,0.7764,0.495,0.743,0.483,0.7455,0.495,0.7959,0.5,0.7659,0.4835,0.7155,0.517,0.7724,0.4725,0.7949,0.457
NN,0.0001,0.5,0.5,0.5,0.5,0.5,0.5,0.5,0.5,0.5,0.5,0.5,0.5,0.5,0.5,0.5,0.5,0.5,0.5,0.5,0.5,0.5,0.5,0.5,0.5,0.9999,0.0001,0.5,0.5,0.5,0.5,0.5,0.5
NN,0.9999,0.9999,0.75,0.9999,0.625,0.625,0.9999,0.5845,0.9559,0.4335,0.9024,0.3295,0.8039,0.281,0.6895,0.2815,0.5835,0.3165,0.5035,0.3675,0.455,0.419,0.435,0.461,0.4365,0.4895,0.449,0.505,0.465,0.511,0.4795,0.511,0.49
NN,0.9999,0.5,0.5,0.5,0.5,0.9999,0.9999,0.0001,0.0001,0.5,0.5,0.9999,0.4445,0.5,0.5,0.5,0.5,0.0001,0.9999,0.9999,0.9999,0.9999,0.0001,0.5,0.5,0.9999,0.0001,0.5,0.5,0.5,0.5,0.9999,0.9999
NN,0.9999,0.9349,0.69,0.8204,0.8459,0.6565,0.9329,0.4805,0.9534,0.289,0.8964,0.1471,0.7579,0.0951,0.6135,0.0946,0.4375,0.1626,0.3095,0.3085,0.1856,0.435,0.1461,0.578,0.1681,0.6925,0.2421,0.7629,0.3505,0.7809,0.4705,0.7574,0.583
NN,0.9999,0.5,0.5,0.5,0.5,0.5,0.5,0.0001,0.9999,0.5,0.5,0.9999,0.6865,0.44,0.44,0.5,0.5,0.0001,0.0001,0.5,0.5,0.9999,0.0001,0.5,0.5,0.9999,0.6135,0.5,0.5,0.5,0.5,0.5,0.5
NN,0.9999,0.9409,0.7175,0.7979,0.8884,0.5985,0.9724,0.3795,0.9624,0.1876,0.8564,0.0681,0.6685,0.0381,0.4735,0.1131,0.2765,0.265,0.1336,0.449,0.0891,0.632,0.1121,0.7799,0.2206,0.8604,0.378,0.8624,0.548,0.7904,0.6945,0.6735,0.7884
NN,0.9999,0.664,0.5125,0.576,0.6065,0.5745,0.8699,0.3715,0.9614,0.4485,0.597,0.1931,0.629,0.0296,0.473,0.4345,0.4285,0.3485,0.277,0.443,0.0721,0.5135,0.386,0.6395,0.4685,0.6685,0.4405,0.6385,0.443,0.5755,0.5665,0.561,0.6025
NN,0.9999,0.9169,0.6955,0.7699,0.8929,0.5615,0.9469,0.334,0.9179,0.1496,0.7979,0.0671,0.6095,0.0781,0.379,0.2016,0.1906,0.403,0.0611,0.562,0.0546,0.7554,0.1376,0.8954,0.3615,0.9149,0.5435,0.8329,0.7455,0.6875,0.8499,0.48,0.8969
NN,0.9999,0.8114,0.4825,0.7954,0.5025,0.8019,0.4625,0.8159,0.505,0.8124,0.4625,0.8349,0.536,0.8144,0.458,0.8374,0.5455,0.8354,0.5,0.7949,0.5505,0.7504,0.5155,0.8294,0.5705,0.8024,0.51,0.7569,0.5225,0.8084,0.495,0.8069,0.4545
NN,0.9999,0.8719,0.488,0.8539,0.5165,0.8609,0.5845,0.8959,0.5385,0.9069,0.7195,0.8189,0.503,0.8539,0.6085,0.9999,0.5305,0.8049,0.5255,0.8374,0.521,0.7599,0.375,0.8649,0.421,0.8084,0.5355,0.6545,0.543,0.7794,0.5375,0.8014,0.6085
NN,0.9999,0.8074,0.5945,0.8909,0.509,0.8874,0.513,0.8254,0.4485,0.8874,0.54,0.8699,0.5255,0.8614,0.529,0.8429,0.4555,0.8084,0.5815,0.8309,0.538,0.8194,0.54,0.8009,0.464,0.7939,0.544,0.7754,0.6285,0.7669,0.546,0.7529,0.5465
NN,0.9999,0.8414,0.527,0.9239,0.501,0.9214,0.5015,0.9214,0.5495,0.8789,0.5205,0.9094,0.503,0.9034,0.5035,0.9029,0.438,0.8894,0.4825,0.8819,0.5045,0.8729,0.505,0.8979,0.479,0.8539,0.5055,0.8109,0.558,0.8329,0.506,0.8219,0.506
NN,0.9999,0.75,0.5,0.6935,0.552,0.7455,0.5325,0.735,0.4805,0.6785,0.437,0.7285,0.524,0.7519,0.513,0.6785,0.598,0.711,0.574,0.711,0.487,0.661,0.4435,0.737,0.4955,0.709,0.5345,0.6935,0.5195,0.676,0.574,0.724,0.587
NN,0.9999,0.9999,0.549,0.9999,0.6255,0.9919,0.665,0.9019,0.7649,0.8749,0.8014,0.7844,0.8594,0.7764,0.8704,0.6475,0.9109,0.6055,0.8989,0.5485,0.9109,0.4915,0.8994,0.4245,0.8779,0.386,0.8459,0.3415,0.8044,0.2985,0.7724,0.286,0.7225
NN,0.9999,0.9469,0.567,0.9349,0.6575,0.8944,0.717,0.8169,0.7999,0.7699,0.8549,0.6985,0.8809,0.6215,0.8974,0.5455,0.8979,0.454,0.8814,0.399,0.8344,0.3485,0.8129,0.297,0.7524,0.269,0.704,0.2486,0.6365,0.2361,0.596,0.256,0.53
NN,0.9999,0.9729,0.5875,0.9544,0.6655,0.9254,0.75,0.8684,0.8189,0.7959,0.8689,0.7435,0.9179,0.6525,0.9534,0.59,0.9669,0.4965,0.9654,0.4055,0.9469,0.335,0.9124,0.2675,0.8824,0.2071,0.8314,0.1606,0.7629,0.1236,0.7125,0.0941,0.6305
NN,0.9999,0.9589,0.591,0.9304,0.6775,0.8644,0.7285,0.8019,0.8494,0.7519,0.8744,0.6805,0.9089,0.5785,0.9179,0.502,0.9259,0.418,0.8894,0.32,0.8809,0.2845,0.8269,0.2346,0.7694,0.1986,0.705,0.1776,0.6365,0.1716,0.5685,0.1796,0.527
NN,0.9999,0.8829,0.6055,0.8194,0.6905,0.742,0.7624,0.575,0.6115,0.569,0.7979,0.4615,0.7225,0.5,0.743,0.3625,0.71,0.2196,0.684,0.317,0.5945,0.2975,0.538,0.3075,0.484,0.3305,0.4375,0.3625,0.4015,0.4,0.377,0.4405,0.364
NN,0.9999,0.7944,0.1956,0.9269,0.7764,0.9054,0.5365,0.7829,0.581,0.664,0.621,0.7514,0.5615,0.8194,0.5995,0.8594,0.7135,0.7714,0.5695,0.8259,0.639,0.8444,0.5365,0.7594,0.6335,0.745,0.6385,0.731,0.643,0.7175,0.6465,0.704,0.6495
NN,0.9999,0.9999,0.557,0.8499,0.4395,0.9079,0.5485,0.8559,0.5055,0.7809,0.461,0.8454,0.5625,0.7929,0.52,0.7654,0.483,0.8469,0.5845,0.8634,0.536,0.6605,0.5295,0.7664,0.687,0.7455,0.59,0.576,0.662,0.7205,0.5945,0.7809,0.576
NN,0.9999,0.9239,0.534,0.9029,0.4885,0.8849,0.4835,0.8334,0.467,0.7979,0.4615,0.8364,0.471,0.8214,0.468,0.696,0.5225,0.8564,0.507,0.7799,0.46,0.7669,0.4575,0.735,0.386,0.7435,0.4545,0.7629,0.4575,0.7215,0.452,0.711,0.451
NN,0.9999,0.9999,0.54,0.9839,0.4975,0.9834,0.4965,0.9399,0.4805,0.9999,0.507,0.9809,0.493,0.9794,0.4915,0.9924,0.505,0.9559,0.456,0.9749,0.488,0.9729,0.487,0.9909,0.51,0.9689,0.485,0.9999,0.471,0.9639,0.4825,0.9609,0.4815
NN,0.9999,0.7395,0.438,0.714,0.438,0.8504,0.304,0.8659,0.536,0.6315,0.392,0.7475,0.58,0.727,0.4405,0.7115,0.531,0.75,0.3635,0.7729,0.593,0.7115,0.541,0.8529,0.598,0.7669,0.438,0.5775,0.3685,0.737,0.5205,0.727,0.2426
NN,0.9999,0.8174,0.478,0.8824,0.515,0.8069,0.68,0.8269,0.4975,0.8209,0.5415,0.8969,0.283,0.8624,0.7749,0.7979,0.5695,0.8174,0.6095,0.8164,0.373,0.8549,0.577,0.8234,0.6155,0.8439,0.5885,0.8084,0.538,0.8314,0.599,0.8454,0.6835
NN,0.9999,0.7504,0.482,0.8054,0.5065,0.7944,0.508,0.7944,0.5125,0.8334,0.498,0.8584,0.4765,0.8324,0.5045,0.7864,0.5125,0.8234,0.463,0.7844,0.571,0.7874,0.482,0.7325,0.5245,0.7829,0.504,0.738,0.482,0.7729,0.553,0.8034,0.4595
NN,0.9999,0.8574,0.497,0.8334,0.479,0.8154,0.474,0.8899,0.5405,0.8364,0.5485,0.8234,0.5795,0.8009,0.4905,0.7719,0.4775,0.7345,0.45,0.8234,0.5745,0.696,0.6085,0.7619,0.4725,0.7255,0.5,0.657,0.466,0.746,0.4465,0.652,0.474
NN,0.9999,0.8404,0.552,0.8849,0.5175,0.8259,0.5405,0.8049,0.4975,0.8949,0.5595,0.7989,0.5245,0.8124,0.548,0.8914,0.4125,0.8689,0.4455,0.743,0.505,0.8049,0.5405,0.8334,0.436,0.8189,0.4875,0.8824,0.511,0.8059,0.464,0.7569,0.4765
NN,0.9999,0.8034,0.4865,0.8354,0.5205,0.7644,0.478,0.7524,0.5185,0.8524,0.461,0.7899,0.49,0.7659,0.539,0.8204,0.5595,0.7844,0.488,0.7659,0.5035,0.8574,0.483,0.7644,0.483,0.7864,0.504,0.7929,0.4985,0.7949,0.4865,0.7509,0.534
NN,0.9999,0.7475,0.5485,0.648,0.529,0.675,0.5,0.7864,0.488,0.7914,0.512,0.6675,0.5245,0.7619,0.5025,0.7355,0.4465,0.716,0.5025,0.675,0.529,0.5945,0.6285,0.6555,0.425,0.6825,0.519,0.6965,0.5875,0.631,0.5,0.687,0.4905
NN,0.9999,0.9939,0.511,0.9654,0.6705,0.9194,0.676,0.8734,0.7445,0.8679,0.7594,0.7754,0.8009,0.7155,0.8309,0.659,0.8519,0.642,0.8444,0.5375,0.8684,0.5315,0.8564,0.4175,0.8484,0.417,0.8024,0.419,0.7789,0.3265,0.721,0.3325,0.6875
NN,0.9999,0.9894,0.579,0.9504,0.676,0.9099,0.743,0.8589,0.8244,0.7939,0.8684,0.7015,0.9159,0.6255,0.9239,0.5235,0.9274,0.439,0.8984,0.369,0.9039,0.311,0.8584,0.2451,0.7914,0.2121,0.73,0.1906,0.654,0.1711,0.5915,0.1796,0.515
NN,0.9999,0.9984,0.6085,0.9599,0.735,0.8844,0.8119,0.7664,0.8904,0.684,0.9414,0.5505,0.9164,0.466,0.9464,0.3585,0.8604,0.2815,0.8084,0.2211,0.7405,0.1751,0.6775,0.1766,0.5795,0.1666,0.5115,0.1756,0.4325,0.2271,0.3855,0.264,0.325
NN,0.9999,0.9714,0.6,0.9804,0.704,0.9024,0.7829,0.7834,0.8539,0.709,0.9159,0.5745,0.9474,0.526,0.9684,0.3765,0.9194,0.286,0.8779,0.2486,0.8129,0.1726,0.7519,0.1556,0.6545,0.1146,0.578,0.1231,0.478,0.1241,0.4105,0.1656,0.328
NN,0.9999,0.9699,0.6405,0.9024,0.7639,0.7909,0.8659,0.675,0.9024,0.554,0.9519,0.4,0.9464,0.3015,0.9109,0.2061,0.8144,0.1186,0.702,0.0936,0.5945,0.0936,0.4785,0.1236,0.3655,0.1841,0.268,0.268,0.1931,0.368,0.1461,0.4555,0.1436
NN,0.9999,0.9489,0.676,0.8364,0.8109,0.7195,0.9719,0.482,0.9024,0.386,0.8764,0.3745,0.744,0.2131,0.642,0.1661,0.553,0.263,0.469,0.0946,0.47,0.334,0.262,0.4355,0.2321,0.536,0.2406,0.6215,0.2825,0.683,0.3495,0.714,0.5665
NN,0.9999,0.6455,0.55,0.6165,0.5865,0.519,0.6715,0.56,0.6315,0.5315,0.6065,0.4765,0.564,0.4685,0.5395,0.4685,0.5205,0.473,0.507,0.479,0.4985,0.4855,0.494,0.491,0.4925,0.4955,0.4925,0.4985,0.494,0.5005,0.4955,0.5015,0.497
NN,0.9999,0.7924,0.3225,0.9999,0.6765,0.8769,0.497,0.9124,0.597,0.7509,0.362,0.8299,0.532,0.8484,0.5735,0.8619,0.2865,0.8804,0.5225,0.8344,0.6025,0.9239,0.295,0.8239,0.4765,0.7839,0.447,0.7639,0.4335,0.578,0.439,0.724,0.4485
NN,0.9999,0.9179,0.566,0.8609,0.5305,0.8289,0.5415,0.6195,0.565,0.719,0.6015,0.747,0.5635,0.7235,0.5675,0.647,0.5145,0.741,0.579,0.664,0.573,0.6475,0.573,0.632,0.5725,0.618,0.5715,0.632,0.5805,0.594,0.568,0.5835,0.566
NN,0.9999,0.9354,0.5215,0.8994,0.5915,0.9949,0.6465,0.9474,0.4585,0.9429,0.49,0.9519,0.3665,0.9469,0.6,0.9429,0.477,0.9224,0.495,0.9894,0.33,0.8949,0.3745,0.9334,0.454,0.9299,0.4855,0.8939,0.4795,0.8794,0.609,0.9409,0.546
NN,0.9999,0.8744,0.5125,0.9949,0.549,0.8794,0.5645,0.8714,0.454,0.9789,0.5125,0.9894,0.4975,0.9804,0.551,0.9574,0.519,0.8549,0.5135,0.9059,0.46,0.9999,0.5,0.8589,0.494,0.9114,0.513,0.8619,0.4945,0.9519,0.5555,0.8639,0.514
NN,0.9999,0.7365,0.5975,0.531,0.4085,0.8114,0.505,0.728,0.478,0.7824,0.509,0.7235,0.6375,0.8579,0.481,0.7779,0.562,0.707,0.5575,0.7639,0.514,0.7559,0.4465,0.7395,0.488,0.7325,0.5165,0.7679,0.6255,0.66,0.4275,0.673,0.4985
NN,0.9999,0.7994,0.5735,0.8494,0.4305,0.9254,0.4305,0.9049,0.512,0.7524,0.514,0.8369,0.4775,0.9039,0.4315,0.7569,0.3775,0.9074,0.4285,0.8509,0.498,0.6665,0.531,0.7804,0.3345,0.8069,0.416,0.7634,0.4895,0.7694,0.3435,0.8369,0.39
NN,0.9999,0.9234,0.483,0.9319,0.4575,0.9099,0.5,0.8684,0.462,0.8599,0.432,0.8744,0.4415,0.8874,0.4065,0.8904,0.394,0.8099,0.449,0.8959,0.4215,0.9469,0.483,0.9244,0.3695,0.8704,0.3835,0.8309,0.3885,0.8629,0.311,0.8289,0.376
NN,0.9999,0.9389,0.459,0.9169,0.5365,0.9239,0.5205,0.8859,0.489,0.8859,0.4715,0.9114,0.447,0.8394,0.4975,0.9399,0.3955,0.9169,0.5165,0.9319,0.47,0.9864,0.36,0.9254,0.406,0.9184,0.449,0.9294,0.4835,0.8924,0.4455,0.8954,0.4975
NN,0.9999,0.8734,0.434,0.7689,0.585,0.8634,0.5475,0.8479,0.4445,0.8339,0.3825,0.9394,0.404,0.8684,0.521,0.8149,0.498,0.8179,0.4405,0.8959,0.3735,0.8319,0.3565,0.8359,0.4475,0.8089,0.44,0.8004,0.3955,0.6875,0.5345,0.8054,0.493
NN,0.9999,0.734,0.5565,0.7949,0.5035,0.7769,0.5345,0.7395,0.43,0.7649,0.5065,0.8194,0.419,0.8389,0.4835,0.7724,0.4325,0.7649,0.4765,0.7395,0.4025,0.7539,0.4325,0.7075,0.399,0.7694,0.4425,0.7994,0.4855,0.7684,0.441,0.7814,0.478
NN,0.9999,0.9404,0.6375,0.8604,0.7145,0.8079,0.8184,0.694,0.9524,0.549,0.9804,0.3995,0.9459,0.3215,0.8874,0.1746,0.8109,0.1061,0.7275,0.0906,0.5955,0.0806,0.4595,0.1086,0.368,0.1621,0.2725,0.2266,0.1956,0.3475,0.1666,0.4035,0.1221
NN,0.9999,0.9654,0.6465,0.8994,0.7789,0.7999,0.8579,0.631,0.9634,0.523,0.9834,0.384,0.9754,0.2206,0.9049,0.1336,0.8119,0.0451,0.681,0.0386,0.53,0.0321,0.401,0.0841,0.2655,0.1741,0.1521,0.294,0.0716,0.432,0.0301,0.55,0.0261
NN,0.9999,0.9409,0.653,0.8659,0.7889,0.6705,0.7924,0.5285,0.9999,0.454,0.9604,0.1881,0.8599,0.1511,0.663,0.0931,0.706,0.0001,0.496,0.1051,0.2945,0.1156,0.2725,0.2141,0.1621,0.342,0.0906,0.485,0.0661,0.627,0.0896,0.501,0.0916
NN,0.9999,0.9174,0.645,0.8464,0.7385,0.746,0.8419,0.61,0.9339,0.4595,0.9249,0.322,0.8884,0.2366,0.7919,0.1481,0.6565,0.1211,0.5195,0.1441,0.4235,0.2086,0.304,0.314,0.2351,0.415,0.1956,0.542,0.1926,0.626,0.2575,0.703,0.3235
NN,0.9999,0.9644,0.666,0.8809,0.8114,0.7465,0.9214,0.608,0.9759,0.43,0.9809,0.264,0.9179,0.1466,0.8274,0.0626,0.684,0.0411,0.528,0.0511,0.369,0.1301,0.2296,0.2461,0.1266,0.3885,0.0696,0.539,0.0641,0.68,0.1096,0.7969,0.1986
NN,0.9999,0.9169,0.6575,0.8274,0.7884,0.675,0.8534,0.5865,0.8944,0.405,0.8994,0.2915,0.8324,0.1581,0.7385,0.1266,0.5975,0.1391,0.4755,0.1901,0.359,0.254,0.2326,0.367,0.1701,0.4925,0.1516,0.6135,0.1781,0.7155,0.2441,0.8234,0.3495
NN,0.9999,0.9924,0.4865,0.9904,0.4795,0.9999,0.462,0.9934,0.5075,0.9764,0.487,0.9924,0.4625,0.9969,0.4645,0.9869,0.4525,0.9864,0.439,0.9964,0.4735,0.9764,0.4555,0.9869,0.4585,0.9834,0.4355,0.9674,0.4255,0.9854,0.421,0.9839,0.406
NN,0.9999,0.9704,0.4925,0.9709,0.505,0.9749,0.4925,0.9794,0.4945,0.9729,0.4815,0.9859,0.491,0.9854,0.4805,0.9774,0.4795,0.9759,0.4765,0.9709,0.489,0.9639,0.478,0.9599,0.4775,0.9634,0.471,0.9514,0.4625,0.9599,0.464,0.9599,0.463
NN,0.9999,0.7624,0.483,0.9744,0.5425,0.7624,0.4155,0.6525,0.4915,0.7539,0.432,0.8219,0.644,0.9154,0.322,0.7709,0.5085,0.7794,0.517,0.7964,0.6525,0.9319,0.5255,0.7035,0.5765,0.8364,0.4985,0.8304,0.483,0.9154,0.4235,0.8814,0.449
NN,0.9999,0.6665,0.375,0.722,0.611,0.6945,0.5835,0.7085,0.5695,0.75,0.4445,0.7744,0.458,0.7914,0.6665,0.7779,0.514,0.625,0.403,0.736,0.472,0.7639,0.486,0.6945,0.5415,0.7075,0.4285,0.597,0.4305,0.6845,0.426,0.5415,0.25
NN,0.9999,0.8779,0.748,0.9179,0.7714,0.7744,0.8604,0.676,0.8539,0.5675,0.9734,0.451,0.9689,0.312,0.9109,0.2366,0.8559,0.1581,0.8399,0.1491,0.625,0.1046,0.515,0.0051,0.3545,0.1481,0.336,0.1836,0.404,0.3295,0.1976,0.402,0.1851
NN,0.9999,0.9189,0.7145,0.8604,0.7919,0.728,0.8904,0.5825,0.9134,0.435,0.9344,0.269,0.8924,0.2031,0.7604,0.1076,0.6325,0.0801,0.5195,0.1901,0.343,0.263,0.2555,0.3135,0.1611,0.4745,0.1866,0.5735,0.2705,0.6855,0.304,0.7415,0.3785
NN,0.9999,0.9684,0.6755,0.8764,0.8279,0.728,0.9429,0.5765,0.9789,0.391,0.9814,0.2176,0.9169,0.1061,0.7899,0.0346,0.63,0.0321,0.468,0.0651,0.2955,0.1746,0.1626,0.316,0.0751,0.477,0.0441,0.6365,0.0711,0.7739,0.1521,0.8739,0.279
NN,0.9999,0.9619,0.6845,0.8599,0.8419,0.6465,0.9704,0.4445,0.8824,0.342,0.9624,0.1671,0.8939,0.0396,0.7115,0.0286,0.548,0.0001,0.516,0.1681,0.1686,0.27,0.1091,0.4325,0.0596,0.599,0.0746,0.7445,0.1491,0.8494,0.27,0.8804,0.434
NN,0.9999,0.9999,0.581,0.9999,0.472,0.9999,0.507,0.9999,0.438,0.9999,0.4925,0.9999,0.4915,0.9999,0.468,0.9999,0.464,0.9999,0.5295,0.9999,0.4495,0.9999,0.4865,0.9999,0.385,0.9999,0.466,0.9999,0.5415,0.9999,0.429,0.9999,0.463
NN,0.9999,0.9779,0.499,0.9319,0.434,0.9749,0.4975,0.9139,0.2441,0.9619,0.552,0.9999,0.429,0.9964,0.4875,0.9794,0.4225,0.9199,0.8084,0.9999,0.4185,0.9374,0.4575,0.9284,0.4915,0.9204,0.491,0.9119,0.4905,0.9029,0.49,0.8939,0.49
NN,0.9999,0.9404,0.676,0.8419,0.8254,0.674,0.8989,0.529,0.9539,0.351,0.9324,0.1871,0.8479,0.1146,0.6965,0.0711,0.542,0.0921,0.38,0.1771,0.25,0.301,0.1586,0.4445,0.1226,0.585,0.1426,0.7035,0.2121,0.7829,0.316,0.8139,0.4335
NN,0.9999,0.9479,0.6965,0.8304,0.8589,0.6475,0.9539,0.476,0.9719,0.2715,0.9229,0.1116,0.7924,0.0361,0.6255,0.0386,0.4235,0.1196,0.258,0.2456,0.1191,0.4255,0.0571,0.608,0.0716,0.7659,0.1571,0.8739,0.2965,0.9154,0.465,0.8844,0.6395
NN,0.9999,0.9999,0.3795,0.9999,0.3985,0.9364,0.4495,0.9429,0.5065,0.9999,0.557,0.9619,0.5315,0.9239,0.481,0.8164,0.3165,0.9364,0.4935,0.9684,0.5315,0.9999,0.6265,0.8099,0.31,0.9229,0.4725,0.9999,0.4685,0.7659,0.5125,0.9174,0.4875
NN,0.9999,0.8739,0.504,0.9164,0.5085,0.9129,0.5125,0.9329,0.5085,0.8024,0.5295,0.8954,0.5235,0.8869,0.527,0.8234,0.5965,0.9199,0.521,0.8564,0.5355,0.8444,0.538,0.8319,0.542,0.8184,0.5415,0.8064,0.5085,0.7909,0.544,0.7764,0.5445
NN,0.9999,0.9249,0.509,0.9609,0.5075,0.9599,0.511,0.9639,0.54,0.9379,0.557,0.9559,0.5215,0.9534,0.525,0.9364,0.514,0.9794,0.5,0.9454,0.535,0.9419,0.5385,0.9184,0.5545,0.9344,0.545,0.9379,0.544,0.9259,0.5505,0.9214,0.5535
NN,0.9999,0.9999,0.494,0.9999,0.4985,0.9999,0.492,0.9999,0.492,0.9999,0.486,0.9999,0.489,0.9989,0.4845,0.9974,0.484,0.9964,0.4825,0.9999,0.4805,0.9999,0.475,0.9999,0.4755,0.9989,0.4725,0.9969,0.4685,0.9954,0.4675,0.9949,0.4665
NN,0.9999,0.9474,0.484,0.9374,0.5275,0.9474,0.507,0.9644,0.514,0.9564,0.495,0.9704,0.492,0.9594,0.517,0.9684,0.5,0.9714,0.507,0.9524,0.504,0.9434,0.491,0.9464,0.512,0.9449,0.508,0.9404,0.501,0.9364,0.521,0.9334,0.512
NN,0.9999,0.9504,0.509,0.9999,0.491,0.9504,0.5035,0.9239,0.5285,0.9999,0.5175,0.9894,0.5055,0.9874,0.5175,0.9999,0.484,0.9484,0.484,0.9309,0.539,0.9999,0.546,0.9504,0.523,0.9714,0.516,0.9734,0.5125,0.9999,0.5055,0.9679,0.5105
NN,0.9999,0.697,0.379,0.8134,0.5065,0.7275,0.5455,0.8179,0.5455,0.606,0.394,0.7879,0.576,0.697,0.5,0.7809,0.523,0.7574,0.515,0.8939,0.591,0.6515,0.424,0.7425,0.5295,0.732,0.5305,0.6665,0.485,0.7095,0.532,0.697,0.621
NN,0.9999,0.9334,0.68,0.8599,0.8334,0.686,0.9149,0.543,0.9294,0.3795,0.9304,0.2411,0.8379,0.1566,0.7075,0.1151,0.5495,0.1531,0.4315,0.2525,0.289,0.3375,0.2116,0.486,0.2001,0.577,0.2346,0.6615,0.3145,0.731,0.4015,0.705,0.509
NN,0.9999,0.9479,0.6895,0.8364,0.8469,0.6795,0.9434,0.479,0.9664,0.3055,0.9219,0.1636,0.8104,0.0866,0.652,0.0691,0.473,0.1321,0.3285,0.2411,0.1881,0.383,0.1306,0.5345,0.1306,0.6675,0.1886,0.7619,0.2895,0.8059,0.4135,0.8004,0.5435
NN,0.9999,0.9524,0.7055,0.8269,0.8739,0.6495,0.9794,0.4335,0.9889,0.2391,0.9164,0.1016,0.7754,0.0171,0.576,0.0351,0.372,0.1406,0.2031,0.2925,0.0741,0.489,0.0311,0.6815,0.0731,0.8374,0.1901,0.9299,0.3595,0.9434,0.549,0.8774,0.7315
NN,0.9999,0.9999,0.9999,0.6835,0.531,0.565,0.9634,0.362,0.9679,0.3425,0.6885,0.0641,0.6845,0.0356,0.4555,0.3055,0.329,0.267,0.0876,0.473,0.0321,0.628,0.398,0.8689,0.27,0.9274,0.466,0.9999,0.9999,0.6935,0.501,0.589,0.8989
NN,0.9999,0.9999,0.7574,0.7275,0.6665,0.5305,0.682,0.3395,0.8654,0.2725,0.7425,0.2121,0.5,0.2121,0.4395,0.3335,0.2575,0.4545,0.0761,0.7425,0.2121,0.7879,0.288,0.9999,0.303,0.8649,0.5615,0.9849,0.7879,0.621,0.682,0.5455,0.6665
NN,0.9999,0.9404,0.5,0.9739,0.4865,0.9679,0.494,0.9509,0.509,0.9509,0.509,0.9694,0.5045,0.9784,0.5015,0.9999,0.5135,0.9709,0.494,0.9544,0.512,0.9574,0.5275,0.9984,0.5245,0.9484,0.511,0.9544,0.5045,0.9999,0.5275,0.9879,0.494
NN,0.9999,0.9129,0.541,0.8954,0.459,0.9519,0.491,0.9644,0.5055,0.9004,0.5445,0.9734,0.4965,0.9714,0.5,0.9664,0.601,0.9749,0.4965,0.9574,0.5035,0.9024,0.5355,0.9554,0.58,0.9474,0.541,0.8884,0.5335,0.9629,0.5905,0.9629,0.5
NN,0.9999,0.8724,0.553,0.9434,0.505,0.9424,0.5075,0.9359,0.493,0.8649,0.553,0.9384,0.5145,0.9359,0.517,0.9784,0.539,0.9749,0.5215,0.9279,0.5235,0.9244,0.526,0.9359,0.5565,0.9169,0.53,0.8724,0.4825,0.9084,0.534,0.9039,0.536
NN,0.9999,0.9379,0.5185,0.9499,0.5015,0.9459,0.5025,0.9314,0.5,0.9749,0.5375,0.9349,0.505,0.9314,0.506,0.9194,0.469,0.9284,0.5125,0.9209,0.508,0.9174,0.5085,0.8974,0.4785,0.9104,0.51,0.9099,0.5435,0.9039,0.5115,0.9004,0.512
NN,0.9999,0.9874,0.5035,0.9929,0.51,0.9999,0.51,0.9964,0.508,0.9784,0.5115,0.9859,0.518,0.9999,0.5185,0.9894,0.5105,0.9929,0.5285,0.9859,0.524,0.9724,0.5275,0.9919,0.518,0.9874,0.5325,0.9739,0.541,0.9954,0.531,0.9944,0.5495
NN,0.9999,0.9999,0.5055,0.9999,0.5055,0.9999,0.5115,0.9969,0.493,0.9969,0.499,0.9914,0.5115,0.9999,0.5045,0.9879,0.504,0.9894,0.5085,0.9899,0.5035,0.9904,0.5105,0.9854,0.4965,0.9899,0.508,0.9894,0.5075,0.9929,0.5105,0.9934,0.514
NN,0.9999,0.664,0.555,0.58,0.6465,0.57,0.8724,0.3745,0.9599,0.4175,0.6335,0.1816,0.6245,0.0121,0.4985,0.384,0.4005,0.3475,0.2555,0.428,0.0501,0.5465,0.3555,0.6415,0.407,0.698,0.4425,0.655,0.528,0.607,0.6025,0.567,0.632
NN,0.9999,0.8289,0.718,0.7235,0.8739,0.5265,0.9254,0.34,0.9104,0.1586,0.7619,0.0791,0.5355,0.0861,0.3565,0.265,0.1416,0.476,0.0701,0.6165,0.1186,0.7834,0.2396,0.8714,0.407,0.8739,0.6185,0.726,0.7954,0.6025,0.8839,0.4075,0.8719
NN,0.9999,0.5975,0.5285,0.521,0.626,0.447,0.7445,0.4085,0.4085,0.29,0.5305,0.273,0.546,0.418,0.3475,0.4485,0.3015,0.5935,0.412,0.67,0.44,0.643,0.42,0.608,0.6235,0.5195,0.6555,0.481,0.6315,0.416,0.584,0.349,0.332
NN,0.9999,0.9899,0.5005,0.9999,0.5,0.9949,0.4995,0.9734,0.512,0.9884,0.5105,0.9894,0.5155,0.9959,0.5115,0.9694,0.5285,0.9679,0.5265,0.9884,0.5275,0.9999,0.531,0.9709,0.5405,0.9834,0.5365,0.9784,0.5405,0.9909,0.5405,0.9859,0.543
NN,0.9999,0.9114,0.462,0.9024,0.501,0.9374,0.494,0.9339,0.4625,0.8639,0.4415,0.9229,0.525,0.9154,0.463,0.8739,0.5335,0.8914,0.532,0.9339,0.488,0.8939,0.47,0.8724,0.488,0.8834,0.4865,0.8699,0.462,0.8504,0.479,0.8919,0.506
NN,0.9999,0.6765,0.431,0.8469,0.488,0.8409,0.482,0.7784,0.4695,0.8089,0.4475,0.8104,0.4675,0.7969,0.4635,0.7115,0.368,0.7909,0.525,0.7485,0.456,0.731,0.455,0.725,0.497,0.6955,0.455,0.678,0.4485,0.661,0.457,0.6445,0.4585
NN,0.9999,0.8799,0.5055,0.9314,0.5015,0.9289,0.502,0.8999,0.5115,0.9074,0.5605,0.9154,0.5035,0.9089,0.5045,0.9139,0.465,0.8824,0.5195,0.8849,0.5055,0.8754,0.506,0.8854,0.4985,0.8544,0.507,0.8309,0.504,0.8314,0.5075,0.8194,0.5075
NN,0.9999,0.8334,0.493,0.9869,0.534,0.748,0.7504,0.8784,0.4985,0.8259,0.4295,0.701,0.2555,0.696,0.7934,0.8839,0.659,0.8929,0.5565,0.7375,0.2755,0.9999,0.5035,0.8034,0.535,0.8434,0.5855,0.9379,0.539,0.7764,0.623,0.5695,0.7405
NN,0.9999,0.9174,0.5415,0.8684,0.4265,0.9214,0.472,0.9519,0.477,0.9469,0.5655,0.9059,0.5335,0.8964,0.4555,0.9999,0.4895,0.9829,0.533,0.9379,0.506,0.8874,0.533,0.9769,0.479,0.9174,0.5005,0.9999,0.564,0.9334,0.4465,0.9524,0.4785
NN,0.9999,0.9754,0.502,0.9759,0.4865,0.9669,0.4905,0.9729,0.508,0.9824,0.5165,0.9709,0.5365,0.9729,0.4935,0.9859,0.5005,0.9739,0.53,0.9634,0.542,0.9654,0.5505,0.9724,0.507,0.9674,0.5245,0.9659,0.541,0.9704,0.5,0.9574,0.5235
NN,0.9999,0.9734,0.5,0.9659,0.484,0.9759,0.483,0.9779,0.512,0.9704,0.509,0.9629,0.5235,0.9699,0.4925,0.9739,0.51,0.9689,0.507,0.9569,0.5385,0.9474,0.5305,0.9699,0.516,0.9624,0.5125,0.9604,0.511,0.9624,0.502,0.9634,0.497
NN,0.9999,0.9529,0.4915,0.9904,0.49,0.9784,0.482,0.9284,0.5005,0.9484,0.4835,0.9454,0.493,0.9529,0.4775,0.9569,0.4955,0.9039,0.4355,0.9434,0.506,0.9609,0.4885,0.9549,0.4895,0.9454,0.461,0.9149,0.414,0.9799,0.481,0.9369,0.419
NN,0.9999,0.9234,0.5675,0.8679,0.469,0.9394,0.5415,0.9444,0.4545,0.8934,0.5335,0.9034,0.498,0.8964,0.4945,0.9289,0.477,0.9359,0.4825,0.9084,0.4525,0.8549,0.522,0.9324,0.4245,0.9054,0.476,0.8909,0.4965,0.8784,0.4665,0.9289,0.469
NN,0.9999,0.9999,0.483,0.9999,0.5025,0.9999,0.4395,0.9449,0.506,0.8654,0.5265,0.9269,0.504,0.7729,0.5015,0.9189,0.432,0.8774,0.4575,0.8544,0.3625,0.717,0.4395,0.7874,0.299,0.7949,0.3895,0.7155,0.413,0.8019,0.379,0.7799,0.309
NN,0.9999,0.9979,0.5325,0.9999,0.494,0.9889,0.5125,0.9804,0.5115,0.9964,0.539,0.9464,0.5515,0.9709,0.5265,0.9439,0.5555,0.9304,0.543,0.9079,0.559,0.9184,0.572,0.9064,0.567,0.8974,0.568,0.8954,0.577,0.8854,0.5795,0.8544,0.56
NN,0.9999,0.9804,0.5355,0.9999,0.5215,0.9999,0.5465,0.9509,0.4745,0.9464,0.513,0.9159,0.4695,0.9374,0.549,0.8824,0.5015,0.8759,0.4735,0.8299,0.4605,0.8209,0.4705,0.7784,0.4615,0.7904,0.489,0.7485,0.4935,0.7564,0.5,0.7604,0.499
NN,0.9999,0.9999,0.7889,0.9999,0.0001,0.9999,0.0001,0.9999,0.0001,0.9999,0.0001,0.9999,0.0001,0.9999,0.0001,0.9999,0.0001,0.9999,0.0001,0.9999,0.1861,0.9999,0.0001,0.9999,0.0001,0.9999,0.0001,0.9999,0.0001,0.9999,0.0001,0.9999,0.0001
NN,0.0001,0.0001,0.0001,0.5,0.5,0.0001,0.9999,0.9999,0.3125,0.5,0.5,0.5,0.5,0.5,0.5,0.9999,0.0001,0.0001,0.0001,0.9999,0.0001,0.5,0.5,0.9999,0.0001,0.0001,0.9999,0.0001,0.0001,0.5,0.5,0.0001,0.9999
NN,0.9999,0.9999,0.5325,0.9999,0.6035,0.9999,0.6315,0.9654,0.661,0.9339,0.695,0.8774,0.7504,0.8979,0.7614,0.8299,0.8039,0.7879,0.8149,0.739,0.8354,0.703,0.8439,0.672,0.8604,0.6385,0.8619,0.5965,0.8534,0.557,0.8634,0.535,0.8569
NN,0.9999,0.1786,0.0001,0.9999,0.9144,0.9999,0.0001,0.9999,0.383,0.9999,0.9809,0.9999,0.3115,0.9999,0.0001,0.9999,0.569,0.9999,0.0001,0.9999,0.483,0.0786,0.9999,0.7689,0.9284,0.9999,0.9999,0.9999,0.0001,0.9999,0.0001,0.9999,0.0001
NN,0.9999,0.9999,0.549,0.9999,0.561,0.9999,0.613,0.9929,0.546,0.9744,0.596,0.9649,0.6215,0.9459,0.6415,0.9274,0.6335,0.9184,0.6655,0.9169,0.6585,0.8739,0.698,0.8809,0.6735,0.8424,0.7135,0.8139,0.73,0.7839,0.735,0.7714,0.7544
NN,0.9999,0.9999,0.584,0.9969,0.5815,0.9729,0.6665,0.9589,0.613,0.9569,0.6855,0.9209,0.7345,0.9049,0.746,0.8924,0.7415,0.8254,0.7849,0.7829,0.7904,0.7779,0.8234,0.7415,0.7759,0.7165,0.8454,0.6785,0.8804,0.6695,0.8339,0.6105,0.8934
NN,0.9999,0.9804,0.543,0.9839,0.5965,0.9799,0.6375,0.9899,0.6755,0.9644,0.7315,0.9314,0.7624,0.9139,0.7939,0.8659,0.8454,0.8449,0.8654,0.7724,0.8439,0.7415,0.8809,0.703,0.8734,0.667,0.9189,0.6245,0.9304,0.569,0.9339,0.545,0.9314
NN,0.9999,0.9414,0.39,0.9999,0.682,0.9119,0.596,0.9254,0.5295,0.9529,0.4785,0.9259,0.625,0.8894,0.6265,0.8459,0.7894,0.8549,0.6955,0.8659,0.638,0.9999,0.6745,0.7839,0.7599,0.8489,0.7659,0.9044,0.7929,0.715,0.8544,0.7619,0.7709
NN,0.9999,0.9999,0.5085,0.9809,0.4845,0.9999,0.483,0.9999,0.4745,0.9949,0.4645,0.9959,0.455,0.9999,0.4215,0.9999,0.4285,0.9914,0.441,0.9999,0.4075,0.9999,0.4035,0.9949,0.3895,0.9824,0.399,0.9729,0.4145,0.9819,0.387,0.9349,0.3835
NN,0.0001,0.5,0.5,0.5,0.5,0.5,0.5,0.5,0.5,0.5,0.5,0.5,0.5,0.5,0.5,0.5,0.5,0.5,0.5,0.5,0.5,0.5,0.5,0.5,0.5,0.9999,0.0001,0.5,0.5,0.5,0.5,0.5,0.5
NN,0.9999,0.642,0.341,0.5,0.5,0.8409,0.0001,0.6535,0.9789,0.8219,0.532,0.674,0.0761,0.5,0.5,0.7954,0.32,0.7255,0.0966,0.5,0.5,0.5,0.5,0.621,0.589,0.9999,0.3805,0.5305,0.2575,0.5815,0.1496,0.5,0.5
NN,0.9999,0.9999,0.617,0.9569,0.7599,0.8899,0.8604,0.7385,0.9209,0.638,0.9584,0.5475,0.9409,0.39,0.9569,0.329,0.8774,0.2431,0.8224,0.1776,0.723,0.1296,0.646,0.1461,0.518,0.1416,0.4405,0.1751,0.359,0.2436,0.2775,0.313,0.2336
NN,0.9999,0.9999,0.426,0.9999,0.5245,0.7869,0.492,0.8279,0.508,0.9259,0.4835,0.8604,0.5,0.8444,0.418,0.5985,0.426,0.8279,0.414,0.8359,0.5165,0.9999,0.3525,0.6555,0.328,0.7619,0.3985,0.664,0.4835,0.6395,0.2785,0.746,0.467
NN,0.9999,0.0001,0.6405,0.611,0.575,0.1216,0.1451,0.3465,0.8559,0.0001,0.9999,0.0916,0.67,0.1046,0.487,0.0101,0.0851,0.1996,0.2291,0.477,0.0851,0.9704,0.0296,0.0001,0.2845,0.8719,0.546,0.0001,0.526,0.5915,0.513,0.299,0.259
NN,0.9999,0.9519,0.492,0.9999,0.54,0.9999,0.508,0.9649,0.5025,0.9679,0.492,0.9999,0.5,0.9999,0.532,0.9999,0.524,0.9569,0.5215,0.9839,0.5105,0.9944,0.492,0.9814,0.5265,0.9849,0.5225,0.9384,0.5055,0.9999,0.5455,0.9894,0.532
NN,0.0001,0.5,0.5,0.5,0.5,0.5,0.5,0.5,0.5,0.5,0.5,0.0001,0.0001,0.5,0.5,0.9999,0.8749,0.5,0.5,0.5,0.5,0.0001,0.9999,0.5,0.5,0.9999,0.0001,0.0001,0.0001,0.9999,0.9999,0.5,0.5
NN,0.9999,0.9999,0.7275,0.9999,0.2725,0.9999,0.5455,0.9999,0.4545,0.9999,0.5,0.9999,0.3635,0.9999,0.409,0.9999,0.5455,0.9999,0.5,0.9999,0.318,0.9999,0.5455,0.9999,0.4545,0.9999,0.4755,0.9999,0.7275,0.9999,0.3635,0.9999,0.409
NN,0.9999,0.8104,0.1821,0.5,0.5,0.5,0.5,0.6725,0.644,0.714,0.697,0.462,0.7594,0.682,0.657,0.2311,0.665,0.5605,0.426,0.5095,0.2331,0.2121,0.589,0.646,0.3635,0.629,0.2121,0.716,0.621,0.591,0.4885,0.585,0.2915
NN,0.0001,0.0001,0.9999,0.9999,0.0001,0.5,0.5,0.5,0.5,0.9999,0.0001,0.9999,0.9999,0.5,0.5,0.9999,0.0001,0.5,0.5,0.5,0.5,0.9999,0.9999,0.0001,0.9999,0.9999,0.0001,0.0001,0.9999,0.0001,0.0001,0.5,0.5
NN,0.0001,0.9999,0.9999,0.9999,0.0001,0.9999,0.0001,0.9999,0.9999,0.5,0.5,0.9999,0.0001,0.5,0.5,0.5,0.5,0.5,0.5,0.0001,0.9999,0.9999,0.9999,0.5,0.5,0.9999,0.9999,0.5,0.5,0.0001,0.0001,0.5,0.5
NN,0.0001,0.9999,0.0001,0.9999,0.9999,0.9999,0.9999,0.9999,0.9999,0.9999,0.9999,0.9999,0.0001,0.9999,0.9999,0.9999,0.9999,0.9999,0.0001,0.9999,0.0001,0.9999,0.0001,0.9999,0.0001,0.9999,0.9999,0.9999,0.0001,0.9999,0.9999,0.9999,0.9999
NN,0.9999,0.7874,0.484,0.8759,0.473,0.8074,0.494,0.7699,0.517,0.8084,0.5495,0.7954,0.488,0.8134,0.506,0.8539,0.513,0.8014,0.508,0.739,0.486,0.7954,0.519,0.75,0.52,0.8064,0.494,0.8084,0.4325,0.8439,0.493,0.8124,0.484
NN,0.9999,0.9404,0.4955,0.9489,0.4875,0.9704,0.491,0.9459,0.436,0.9109,0.4455,0.9444,0.506,0.9539,0.4315,0.9354,0.4695,0.9539,0.488,0.9399,0.427,0.9144,0.438,0.9504,0.4025,0.9409,0.4255,0.9219,0.4355,0.9419,0.4075,0.9584,0.416
NN,0.9999,0.7135,0.25,0.5,0.5,0.5,0.5,0.7325,0.7549,0.7949,0.5105,0.5,0.5,0.5,0.5,0.5825,0.273,0.7959,0.4085,0.5,0.5,0.5,0.5,0.9939,0.296,0.0001,0.0001,0.3605,0.1221,0.5,0.5,0.5,0.5
NN,0.9999,0.8989,0.547,0.8904,0.6035,0.8579,0.6405,0.8464,0.7065,0.8294,0.7504,0.7894,0.8039,0.746,0.7919,0.667,0.8394,0.648,0.8174,0.548,0.8404,0.5105,0.8609,0.4565,0.8159,0.4405,0.8034,0.409,0.7799,0.3725,0.7584,0.3635,0.7125
NN,0.9999,0.9704,0.5595,0.9284,0.505,0.9254,0.5075,0.8849,0.4985,0.9224,0.5545,0.9164,0.515,0.9134,0.5175,0.8739,0.5095,0.8999,0.512,0.9044,0.5245,0.9014,0.527,0.8864,0.511,0.8954,0.531,0.9294,0.5465,0.8894,0.5355,0.8864,0.5375
NN,0.9999,0.9849,0.428,0.9564,0.499,0.9829,0.4145,0.9929,0.5915,0.9589,0.501,0.9679,0.458,0.9564,0.499,0.9339,0.4565,0.9849,0.394,0.9999,0.5515,0.9599,0.4735,0.9624,0.534,0.9699,0.4535,0.9849,0.3995,0.9269,0.4565,0.9829,0.3905
NN,0.9999,0.7559,0.9999,0.9999,0.7689,0.8559,0.9039,0.728,0.732,0.6655,0.9999,0.606,0.9999,0.413,0.9999,0.3345,0.9934,0.1931,0.9999,0.2366,0.8584,0.0576,0.7395,0.0001,0.676,0.0001,0.548,0.0001,0.4165,0.0001,0.289,0.0406,0.1721
NN,0.9999,0.8969,0.6475,0.8204,0.7614,0.7065,0.8409,0.571,0.9174,0.416,0.8939,0.2855,0.8614,0.2141,0.7075,0.1231,0.584,0.1501,0.4505,0.2116,0.3825,0.297,0.3085,0.413,0.2376,0.5075,0.2565,0.595,0.3095,0.655,0.384,0.673,0.46
NN,0.9999,0.9999,0.4935,0.9999,0.508,0.9999,0.499,0.9999,0.5315,0.9889,0.5225,0.9799,0.5145,0.9999,0.5325,0.9944,0.517,0.9999,0.518,0.9989,0.547,0.9784,0.537,0.9999,0.5505,0.9999,0.544,0.9954,0.5425,0.9999,0.5505,0.9999,0.5505
NN,0.9999,0.9419,0.6835,0.8354,0.8369,0.698,0.9319,0.512,0.9659,0.3245,0.9184,0.1986,0.7939,0.1066,0.694,0.0836,0.497,0.1536,0.335,0.2376,0.2306,0.363,0.1596,0.504,0.1511,0.63,0.1966,0.723,0.283,0.7709,0.3925,0.7814,0.514
NN,0.9999,0.9504,0.709,0.8204,0.8784,0.652,0.9754,0.398,0.9824,0.2226,0.9059,0.0906,0.7544,0.0151,0.5515,0.0426,0.343,0.1491,0.1726,0.338,0.0551,0.5295,0.0291,0.7225,0.0891,0.8704,0.2241,0.9469,0.4065,0.9394,0.602,0.8529,0.7744
