Target,0,1
0,845753,636607
1,812954,643720
2,868217,609046
3,920248,607272
4,841621,639394
5,843907,598777
6,817712,620917
7,865980,632292
8,876539,639944
9,805247,642901
10,829227,565484
11,834679,669557
12,851242,630615
13,890325,702688
14,832159,638667
15,833736,637738
16,778784,571492
17,844489,672382
18,825802,638894
19,875471,622426
20,879225,639387
21,819482,633447
22,818212,633262
23,839324,651033
24,817439,678071
25,876202,600942
26,841025,623927
27,850781,619234
28,754610,657392
29,842733,640979
30,881538,613492
31,804685,671123
32,877083,575129
33,847312,655073
34,827558,623170
35,896258,707205
36,829939,644422
37,880719,597439
38,828313,669762
39,778978,589645
40,832323,624353
41,838906,655174
42,913673,576755
43,875535,587227
44,797487,625675
45,893942,596033
46,770410,662419
47,814804,605047
48,832215,638387
49,840280,643770
50,833327,621905
51,763542,635170
52,825599,608689
53,813209,683512
54,938544,680392
55,834393,656902
56,787129,643393
57,801229,617139
58,886144,566002
59,865073,661021
60,796962,632416
61,822877,612926
62,835985,639514
63,908901,628142
64,807989,610817
65,823816,651852
66,818245,618659
67,827601,640196
68,846830,641704
69,829041,623258
70,858850,714281
71,835967,564514
72,835698,660461
73,843223,632872
74,880916,697241
75,813541,641007
76,913911,586519
77,707529,693451
78,846436,659041
79,865316,690133
80,842837,647272
81,856101,601665
82,822815,616988
83,823364,620870
84,817697,617678
85,822368,648690
86,855476,711703
87,818065,675114
88,843822,686283
89,834396,637625
90,802367,626026
91,774481,694664
92,805075,559992
93,828813,622656
94,841088,641913
95,736868,591803
96,812519,658809
97,847097,610257
98,880136,670834
99,871566,663124
100,835178,647851
101,801113,631728
102,836302,641336
103,865563,600752
104,856184,670732
105,930906,675380
106,787684,612023
107,879210,671905
108,940080,668730
109,812951,619690
110,782647,635710
111,834146,634536
112,825334,626399
113,827880,657944
114,806472,625818
115,813142,634900
116,834478,637224
117,859522,666389
118,812822,650842
119,927475,652500
120,830057,593423
121,852554,687005
122,755212,616702
123,825515,636212
124,841978,583774
125,828956,617518
126,851077,623381
127,847787,616365
128,781111,594759
129,793474,650770
130,849922,659848
131,857555,592525
132,851042,620360
133,801896,668379
134,798422,689889
135,802904,649859
136,833844,679629
137,844117,650340
138,750522,621023
139,835324,635252
140,805810,620656
141,826540,709657
142,821335,650998
143,844114,619755
144,799854,605921
145,835851,659073
146,850049,594729
147,901514,652113
148,826740,617100
149,864116,598962
150,830754,656445
151,816172,642632
152,875320,588946
153,836090,553666
154,944095,704540
155,834141,639092
156,858997,628120
157,819923,617399
158,812780,635276
159,808308,627973
160,868777,586944
161,848355,652762
162,853192,621237
163,769703,672760
164,983609,624193
165,767435,659742
166,795478,653018
167,867257,713816
168,822799,582231
169,795493,623079
170,894097,564130
171,836258,638770
172,725411,693316
173,824187,721313
174,835113,638129
175,874788,594226
176,811045,640408
177,806425,629019
178,817577,599782
179,829553,641233
180,780758,698302
181,835775,635385
182,836176,639066
183,814374,659984
184,787165,670018
185,765298,632123
186,814905,686125
187,830536,651952
188,837750,634132
189,819893,646919
190,803133,663437
191,893841,718071
192,869331,617053
193,847430,623157
194,810547,597362
195,887955,652980
196,856277,650393
197,945668,662295
198,910884,606259
199,823954,581126
200,780635,613287
201,827314,657722
202,874290,682154
203,801009,632553
204,758093,635151
205,834477,615434
206,778438,668842
207,851028,601248
208,847403,680628
209,809226,590160
210,847930,639549
211,831541,638580
212,818121,643361
213,880168,671935
214,815109,645044
215,765957,654001
216,917544,625573
217,783878,625178
218,889986,596630
219,786184,663836
220,918549,595580
221,873325,661718
222,836224,622436
223,881118,595784
224,854502,597915
225,877342,656313
226,849343,644126
227,796153,621598
228,806313,641996
229,847671,637692
230,869123,660870
231,848927,645583
232,800992,654397
233,877837,634860
234,836202,600653
235,803719,688801
236,812864,648497
237,871038,632419
238,848660,637062
239,870340,608506
240,839706,604004
241,773106,587731
242,838636,638170
243,833424,637495
244,803393,632114
245,806771,696582
246,837422,684164
247,808230,615889
248,839817,657140
249,836065,643735
250,832197,640740
251,826449,642156
252,864411,657059
253,859075,596485
254,821763,646463
255,752624,684688
256,761780,639502
257,814196,638101
258,837052,638157
259,897135,678084
260,839617,656945
261,818902,650155
262,840603,639421
263,788208,596833
264,830238,629304
265,961248,667934
266,821180,615439
267,865014,601082
268,812456,609760
269,850548,639470
270,846404,608400
271,844405,710620
272,834271,681372
273,892746,564842
274,832917,653009
275,815156,643108
276,862657,628917
277,736311,562847
278,836640,689624
279,828915,641716
280,827016,648159
281,717529,589445
282,828640,621078
283,825800,639916
284,867216,629792
285,788063,640066
286,804909,659876
287,828224,658191
288,865774,654156
289,831381,628919
290,831414,641690
291,808631,648619
292,789304,619247
293,845460,690530
294,836208,638514
295,868895,604801
296,808291,631630
297,894943,635233
298,864186,639299
299,841314,705207
300,623573,252933
301,551501,163944
302,542414,323445
303,543918,261399
304,569298,222324
305,617516,155138
306,492219,176220
307,599902,344442
308,595923,301961
309,561290,237997
310,557171,300772
311,515461,280908
312,593235,212579
313,599791,239507
314,604067,254704
315,602097,293208
316,528532,271983
317,612097,204266
318,539684,261404
319,490360,160125
320,624439,284325
321,531766,227178
322,564691,253901
323,503485,225519
324,582912,368192
325,570399,302552
326,554412,259217
327,565947,253914
328,544626,261639
329,573542,228366
330,589472,240707
331,621853,235743
332,583727,240847
333,512999,279524
334,590219,205918
335,557291,235283
336,562609,261858
337,573223,256679
338,577033,261125
339,618685,246895
340,563806,242703
341,572797,264895
342,537958,171180
343,564558,251534
344,578430,260413
345,495770,314954
346,551139,304558
347,654533,234925
348,574254,246150
349,546542,224111
350,560338,216298
351,676848,196504
352,562287,210155
353,589172,296436
354,600350,211786
355,531053,241400
356,528764,238969
357,555973,241310
358,543279,201456
359,569679,227969
360,486998,186575
361,493599,274738
362,526990,234634
363,578346,257049
364,579387,214941
365,560117,210841
366,629472,276224
367,565964,245190
368,527110,273244
369,545421,190964
370,560155,172391
371,561378,248389
372,652718,214098
373,577674,230794
374,564281,248028
375,537828,245621
376,559807,248525
377,565040,265155
378,559796,237778
379,567364,284685
380,641053,302784
381,535370,222161
382,491034,294190
383,578789,227708
384,493843,284614
385,577923,208670
386,601465,233213
387,582776,232737
388,597019,238045
389,547708,261848
390,517797,231794
391,557925,315216
392,547397,204912
393,567028,240598
394,573124,241739
395,589736,306268
396,568682,234935
397,655580,263955
398,479452,292158
399,570515,250347
400,558916,242376
401,540452,314834
402,647754,219941
403,566630,249854
404,542945,138182
405,553960,261006
406,569226,276648
407,564946,247303
408,580188,355722
409,526519,171753
410,587283,244407
411,552210,250433
412,611343,258279
413,561853,312878
414,584508,218932
415,569499,258173
416,596805,276457
417,535593,143445
418,541643,260772
419,561550,249062
420,486280,298784
421,500130,217874
422,581491,248451
423,540572,254309
424,587211,212643
425,635603,258029
426,571211,249486
427,557092,237979
428,608511,224883
429,450541,268972
430,662544,262982
431,632742,204460
432,668355,167208
433,560443,253200
434,511472,197858
435,550115,259569
436,515463,270311
437,545539,195363
438,590449,254253
439,570787,246876
440,628713,228930
441,556580,229133
442,593632,266999
443,526382,240215
444,461510,212553
445,550952,216322
446,644419,196985
447,655814,200692
448,576564,168998
449,568570,254388
450,544728,151536
451,552544,258173
452,582510,232791
453,576350,289752
454,595209,248589
455,567870,284151
456,509669,309353
457,557305,245969
458,543639,242836
459,582187,245841
460,561214,239273
461,603094,315792
462,572393,258106
463,563936,163930
464,627272,253882
465,568248,211315
466,454114,291335
467,580020,185292
468,542857,258775
469,536737,275481
470,604791,256206
471,598596,199243
472,536423,156254
473,674097,262961
474,532044,241957
475,542553,222643
476,538243,205298
477,638901,233978
478,513685,127049
479,564828,185324
480,569149,273951
481,516087,229278
482,640460,282399
483,555527,227043
484,490765,271309
485,590339,151183
486,606457,178066
487,565975,287165
488,579551,211325
489,666462,219600
490,571916,294434
491,515494,253115
492,578997,247283
493,583084,269586
494,569736,251512
495,582050,243429
496,637274,267038
497,581758,242967
498,497313,297574
499,601745,230592
500,564593,278352
501,554695,250159
502,619204,203719
503,542873,281338
504,565013,238020
505,612309,248937
506,629933,177081
507,529425,255876
508,601962,303111
509,534272,194510
510,607232,201813
511,617934,213483
512,559992,244251
513,566515,247483
514,581817,347897
515,600735,234314
516,564311,254362
517,564132,239716
518,561656,242624
519,547473,262112
520,509737,204519
521,581769,191909
522,539373,231216
523,558473,234860
524,459924,277087
525,586499,197457
526,586128,243241
527,601985,250442
528,515475,251181
529,580859,243392
530,577874,256023
531,655529,240291
532,553779,243274
533,512392,202849
534,581035,264175
535,635019,226082
536,618233,210833
537,602261,221960
538,584584,235919
539,662479,223092
540,616652,307558
541,590474,215673
542,561055,225512
543,558663,250565
544,595705,316516
545,589593,241270
546,564408,247897
547,547925,232626
548,525888,230875
549,559240,240249
550,570386,231491
551,561177,247456
552,562305,275914
553,568231,233130
554,526274,305191
555,565846,244841
556,564036,255414
557,528877,273151
558,574944,277533
559,612380,276270
560,591223,320663
561,541329,196623
562,577613,280332
563,626744,239346
564,582718,244124
565,591505,233934
566,551312,227570
567,596206,224820
568,580534,268471
569,529314,224370
570,593206,175998
571,558061,254532
572,613366,287092
573,666984,183146
574,565702,254553
575,538772,246049
576,563724,246984
577,623575,196956
578,500592,285439
579,554520,251229
580,573815,259122
581,571703,282834
582,547746,209518
583,532663,169014
584,542244,254907
585,544774,237828
586,548284,298188
587,577315,265541
588,553770,259089
589,537145,284535
590,648244,253375
591,547437,230967
592,603002,245119
593,591147,239033
594,539114,314805
595,576311,252568
596,545197,218960
597,570793,227019
598,672748,143913
599,529094,226356
600,589826,179519
601,560758,250715
602,561914,247616
603,585992,242098
604,458197,305419
605,560666,209489
606,588776,218486
607,513517,230867
608,546341,266740
609,492744,288489
610,503990,233888
611,560394,218674
612,595703,240879
613,573398,194369
614,551504,163718
615,557729,241086
616,604381,310175
617,256910,767396
618,216249,729239
619,254116,748223
620,200897,724520
621,237599,737826
622,256884,794543
623,259353,675965
624,231574,696781
625,287834,722534
626,350191,686690
627,294847,707911
628,268507,721783
629,275228,692003
630,263839,718176
631,256048,743012
632,171374,680720
633,257301,742004
634,246193,781969
635,254996,718603
636,267628,718046
637,189013,722025
638,250283,811050
639,260461,743971
640,307642,768800
641,252078,721273
642,243511,729025
643,250998,756247
644,305422,749954
645,330971,748510
646,301925,681732
647,258289,747532
648,218066,652984
649,268582,750393
650,309307,676449
651,297392,837410
652,212684,744675
653,256364,741672
654,260803,732103
655,293378,730822
656,242768,720008
657,275500,729880
658,265037,605686
659,241019,755172
660,191241,788512
661,255886,727572
662,315723,708334
663,234688,718141
664,205548,820577
665,210438,672028
666,268715,766646
667,212151,726042
668,299298,716848
669,391506,745793
670,265410,761230
671,380778,761351
672,301915,642007
673,288109,751211
674,221650,852250
675,203861,729571
676,258191,719517
677,276360,722572
678,250153,705149
679,225440,777239
680,263300,708862
681,209638,779903
682,265687,728957
683,219148,671608
684,202313,803556
685,260246,744148
686,353731,733108
687,361882,664820
688,258354,712117
689,344580,833937
690,241344,757443
691,286128,759627
692,255492,699125
693,246953,837747
694,281449,742170
695,244978,741020
696,281490,707769
697,318257,689616
698,318320,785356
699,267996,752791
700,252398,735342
701,169076,696994
702,287127,769241
703,251773,743313
704,233154,798301
705,289447,672315
706,220236,696190
707,180062,750026
708,267928,721904
709,315014,732821
710,253678,781616
711,249508,730021
712,244713,684484
713,213416,797429
714,338623,688123
715,272708,722671
716,269722,735862
717,265363,749935
718,216910,714147
719,211879,702740
720,248415,734706
721,281381,747219
722,258514,721192
723,240833,764794
724,337516,771698
725,211181,778052
726,256102,748634
727,231591,738461
728,216906,697611
729,308119,778435
730,170563,774573
731,235525,775028
732,242177,789274
733,231394,726782
734,240546,720697
735,242380,733130
736,244510,760474
737,252049,733991
738,293158,788965
739,258335,744541
740,229258,799732
741,318118,765932
742,350824,788594
743,269541,749416
744,257595,742375
745,218404,783360
746,250965,638991
747,271398,705520
748,309785,740209
749,293513,791559
750,255953,744136
751,270778,747623
752,229246,721150
753,182210,807220
754,227734,741386
755,297763,743676
756,237737,729221
757,243262,738194
758,266271,753501
759,224714,721683
760,257321,743788
761,245789,757434
762,253157,736045
763,117874,815348
764,241709,731571
765,347019,718343
766,263035,735230
767,247280,711237
768,250639,741372
769,247362,733488
770,211789,695992
771,216664,677522
772,256255,743704
773,237847,719301
774,213313,735806
775,250379,742917
776,328400,743070
777,241569,734125
778,253541,764473
779,269306,729730
780,293363,724986
781,271138,732683
782,213034,772279
783,251371,786651
784,259065,724720
785,253804,742542
786,241020,760596
787,274995,777238
788,261209,724973
789,222553,726944
790,235047,746106
791,215758,708145
792,249252,741243
793,276918,720893
794,257503,742328
795,270830,751681
796,254122,745421
797,244908,754298
798,344753,787896
799,289445,688489
800,255205,736797
801,281555,721941
802,330430,771436
803,253457,777579
804,233496,791806
805,189684,691186
806,266413,660875
807,243837,733540
808,293505,803362
809,260303,727526
810,243491,728002
811,171693,721563
812,202123,744156
813,267285,728779
814,157834,661485
815,298443,770760
816,335331,818733
817,219609,734441
818,347306,800979
819,287334,659858
820,239976,833889
821,224951,722765
822,303315,750320
823,254814,747030
824,269950,727076
825,260040,745439
826,280473,744377
827,244639,720142
828,256956,740965
829,222004,807032
830,249361,748518
831,311037,756570
832,247122,715890
833,208069,655656
834,257453,742650
835,257325,742328
836,253267,789824
837,307281,762811
838,310424,718333
839,255453,741923
840,278992,757790
841,163957,733702
842,267246,751982
843,301060,715198
844,212056,766472
845,259723,732917
846,281780,775943
847,250805,726946
848,241156,739481
849,187608,800179
850,251058,735027
851,292595,740904
852,272074,712177
853,231261,786917
854,281000,740511
855,275058,713887
856,321560,731068
857,283915,688755
858,232840,738833
859,337958,798963
860,337046,820641
861,276394,761048
862,251347,670435
863,271702,753973
864,162224,685200
865,257677,719150
866,260318,711621
867,186264,695907
868,258174,755159
869,242709,757686
870,257254,743080
871,254983,731658
872,265273,716721
873,237449,785652
874,168596,748879
875,238834,696831
876,263109,743333
877,279676,809670
878,171747,777579
879,208417,813898
880,216564,723064
881,242195,689224
882,253534,741025
883,290176,781215
884,309158,699191
885,310940,711293
886,265486,702190
887,260419,741212
888,309129,744956
889,331240,717418
890,226170,738339
891,190767,706219
892,264262,737376
893,318816,748314
894,403394,777748
895,133737,819023
896,262522,730690
897,322898,707331
898,267179,761430
899,309043,753241
900,240893,734383
901,259566,727891
902,274552,718547
903,281005,717468
904,249734,767527
905,285301,711712
906,269005,750467
907,155283,721118
908,276869,731039
909,267975,745703
910,230459,815042
911,235700,742331
912,284567,716939
913,238601,769529
914,217170,824498
915,343775,713900
916,248775,743006
917,322803,656606
918,275390,840694
919,270819,619081
920,257784,742285
921,262725,748061
922,299229,739252
923,258131,750011
924,356321,721316
925,260631,685446
926,324355,769115
927,262464,745474
928,293755,724434
929,276333,734671
930,246185,768526
931,271427,759785
932,581344,385622
933,487508,410130
934,531520,470380
935,542398,407349
936,535553,401850
937,574340,386342
938,489563,423442
939,561517,424497
940,548471,363521
941,551619,407865
942,535637,416695
943,625861,446966
944,512721,297462
945,485787,451234
946,545177,449711
947,557549,430186
948,450504,489695
949,556721,406275
950,596886,406323
951,552270,452067
952,598696,426412
953,553121,424941
954,585213,507300
955,546923,447205
956,524864,524465
957,614862,474016
958,472136,522566
959,548741,424433
960,579708,389172
961,546195,435981
962,473518,431029
963,565818,441463
964,528421,449609
965,627970,406198
966,492513,376096
967,506194,412830
968,585921,420969
969,500095,384331
970,606741,433003
971,588823,391287
972,550666,358776
973,580102,421291
974,540689,483370
975,531336,427371
976,560929,488831
977,528839,404605
978,587670,454726
979,550071,432907
980,545251,423126
981,517722,389497
982,487466,404035
983,534359,410864
984,573525,363494
985,469597,469641
986,444203,433426
987,530126,482570
988,497364,497954
989,539380,452369
990,550207,427844
991,541436,463443
992,555566,402931
993,621264,430161
994,606519,426672
995,556325,411879
996,565035,407936
997,477578,283202
998,637561,412198
999,494817,482837
1000,583750,440376
1001,619302,407243
1002,539353,414700
1003,491238,477838
1004,559644,393877
1005,551841,449208
1006,543185,449059
1007,557232,385801
1008,542717,485269
1009,628617,470383
1010,546433,433425
1011,656928,427142
1012,575225,471361
1013,540883,388547
1014,536902,487971
1015,669372,510729
1016,579813,431520
1017,638490,472369
1018,521733,288196
1019,474946,400305
1020,492108,415357
1021,647843,471024
1022,509727,402091
1023,557993,414488
1024,540956,440807
1025,539226,362911
1026,561535,422869
1027,532490,498388
1028,555321,411402
1029,502666,515079
1030,448308,360032
1031,605747,523813
1032,546080,441878
1033,594739,460997
1034,550615,457350
1035,552271,443264
1036,603175,429360
1037,551098,430693
1038,538746,399264
1039,500554,486108
1040,567652,460477
1041,670761,411963
1042,475690,420212
1043,555815,431564
1044,544504,435105
1045,559698,403757
1046,540029,431108
1047,550599,427512
1048,523731,404747
1049,552614,405698
1050,569819,389830
1051,437468,449261
1052,561322,473181
1053,547467,428249
1054,575789,337136
1055,552519,443109
1056,626243,434835
1057,549505,426514
1058,492240,539242
1059,560227,441363
1060,561030,439050
1061,498433,386501
1062,571566,348938
1063,531484,418681
1064,571064,421038
1065,511578,477934
1066,614768,433212
1067,575159,355952
1068,546882,491538
1069,658249,458851
1070,544860,415900
1071,563645,483100
1072,509113,433214
1073,599399,491415
1074,546863,446509
1075,527044,345316
1076,588577,360468
1077,559409,434055
1078,596283,479036
1079,499436,442899
1080,613978,292982
1081,456190,480028
1082,519097,500369
1083,595184,437458
1084,525481,408507
1085,510267,426949
1086,547148,435677
1087,513319,442815
1088,587173,449183
1089,549320,462207
1090,561429,432347
1091,491552,413594
1092,495264,466224
1093,579463,437384
1094,535151,429278
1095,538697,483333
1096,511036,447734
1097,594360,367824
1098,536563,392008
1099,560500,439267
1100,490871,511719
1101,528328,432436
1102,565144,416025
1103,525461,390918
1104,546371,432422
1105,538782,473082
1106,611712,395925
1107,484168,387405
1108,551526,457442
1109,489505,420072
1110,600738,463163
1111,589889,475739
1112,514225,536816
1113,578615,447581
1114,553817,402394
1115,461670,393552
1116,597719,429710
1117,505651,444909
1118,516034,402424
1119,546287,438245
1120,596539,376915
1121,554524,405520
1122,568522,412767
1123,589979,394610
1124,517816,430769
1125,566260,366100
1126,599365,369570
1127,437196,403295
1128,475065,455494
1129,562697,439867
1130,474287,414463
1131,517042,433320
1132,526568,428022
1133,539611,398504
1134,569808,385206
1135,539631,417731
1136,536056,433013
1137,550433,455366
1138,499380,378456
1139,556204,478664
1140,563430,421182
1141,545045,424260
1142,553634,447321
1143,535370,426421
1144,562541,424860
1145,613299,443903
1146,542295,448653
1147,514456,471271
1148,511573,356527
1149,511377,447729
1150,479144,530599
1151,537444,434463
1152,538071,476262
1153,561644,437142
1154,541794,440513
1155,574696,453097
1156,535114,427111
1157,568190,462684
1158,551346,418392
1159,570220,437495
1160,496768,392238
1161,603715,446602
1162,562761,451747
1163,591406,478984
1164,567287,446702
1165,503884,445231
1166,488808,432042
1167,590610,363074
1168,502713,461159
1169,537914,440074
1170,541156,470641
1171,545384,440024
1172,546724,436025
1173,553439,391197
1174,459376,417560
1175,543882,433069
1176,541775,426833
1177,587665,442146
1178,546781,435921
1179,649819,402618
1180,589886,417783
1181,555177,411731
1182,545799,434875
1183,537358,433500
1184,474403,396993
1185,614391,432060
1186,525885,408633
1187,540590,500716
1188,539864,439369
1189,517804,430120
1190,615324,459379
1191,604153,425325
1192,538145,455848
1193,540472,433652
1194,534566,419446
1195,489749,431702
1196,554344,507754
1197,536341,503208
1198,535188,533997
1199,544385,417589
1200,551464,437752
1201,539973,435022
1202,528431,548215
1203,562797,537421
1204,508043,396501
1205,544049,438662
1206,518755,455241
1207,543510,406511
1208,465992,427732
1209,497761,545339
1210,503305,541419
1211,546148,439859
1212,544848,453980
1213,530976,510400
1214,476036,495210
1215,511620,442106
1216,549513,426946
1217,546765,437681
1218,635196,471927
1219,490878,419594
1220,587238,408202
1221,518503,427052
1222,533823,438128
1223,550848,429297
1224,555081,374919
1225,589141,508464
1226,502737,414379
1227,506686,362499
1228,548132,443869
1229,491170,526141
1230,561259,555874
1231,537607,467331
1232,528819,423088
1233,552075,458191
1234,488078,386485
1235,477080,439728
1236,553909,418551
1237,639407,453570
1238,546029,436971
1239,575548,403760
1240,540998,509845
1241,497663,411215
1242,550114,413363
1243,536199,410166
1244,593205,453290
1245,605722,365131
1246,549184,442333
1247,523254,437878
1248,535947,444924
1249,539919,458163
1250,572815,413163
1251,510224,508938
1252,793712,253869
1253,824235,182393
1254,761457,262653
1255,794985,311076
1256,779569,150623
1257,810617,247422
1258,855489,211373
1259,849254,283112
1260,808784,242254
1261,791155,234010
1262,809656,243885
1263,808163,241795
1264,767028,226008
1265,823630,251398
1266,782172,210780
1267,854342,282373
1268,842713,245312
1269,856465,252408
1270,822556,275760
1271,853014,268530
1272,815736,251749
1273,796737,235100
1274,734201,239635
1275,792133,192616
1276,807811,241810
1277,808336,241768
1278,840286,227016
1279,782953,207370
1280,876441,180658
1281,862557,237489
1282,805067,246062
1283,747163,257973
1284,860400,304313
1285,838811,224435
1286,765391,238154
1287,909774,177017
1288,805219,243830
1289,871274,195811
1290,809012,229132
1291,841925,346604
1292,808083,222905
1293,812151,245409
1294,800231,232016
1295,796530,215743
1296,756887,266465
1297,735435,285672
1298,837660,211926
1299,913662,134920
1300,749321,200484
1301,794629,248741
1302,804405,244473
1303,802111,214682
1304,807493,241644
1305,757011,220524
1306,733684,216569
1307,813657,150704
1308,813354,273784
1309,832128,271389
1310,766957,220939
1311,811077,267030
1312,806127,239206
1313,802856,239801
1314,797349,262013
1315,789086,256113
1316,870334,259442
1317,786819,217596
1318,724693,300946
1319,802289,237945
1320,745416,198118
1321,805167,195569
1322,804876,233484
1323,811122,234227
1324,746115,174758
1325,808918,240673
1326,783113,249571
1327,779407,216656
1328,795765,205593
1329,808909,244561
1330,793721,273544
1331,838678,285533
1332,816382,241539
1333,762228,170036
1334,785728,198547
1335,831392,233281
1336,852354,351771
1337,754394,188386
1338,833141,244991
1339,813108,245893
1340,796846,214589
1341,809373,167754
1342,766881,246119
1343,857835,179609
1344,807956,241772
1345,725843,266365
1346,782383,273638
1347,867714,178320
1348,819132,336025
1349,805575,259205
1350,776270,342297
1351,743869,285111
1352,806545,242423
1353,803229,246622
1354,826119,273742
1355,883855,276227
1356,872437,199366
1357,806010,253932
1358,885710,207920
1359,729156,251369
1360,755167,224395
1361,864001,143590
1362,778476,260039
1363,837897,231719
1364,806903,239418
1365,806003,241718
1366,766740,264258
1367,833070,262092
1368,788701,281634
1369,806172,256966
1370,801115,280568
1371,808036,251643
1372,808170,221769
1373,817749,245231
1374,803097,213517
1375,848376,221062
1376,801185,253763
1377,802481,245334
1378,806501,245656
1379,811051,233169
1380,794362,240626
1381,798852,242607
1382,835229,231967
1383,825468,252748
1384,860649,139962
1385,867303,312028
1386,827932,235274
1387,812413,250382
1388,783222,233377
1389,788340,235197
1390,828604,274972
1391,791483,203193
1392,815370,332003
1393,813230,241626
1394,837268,233956
1395,893118,141854
1396,891639,222727
1397,736002,275702
1398,727552,253350
1399,843731,255903
1400,851033,199614
1401,882714,199375
1402,786460,286314
1403,888806,185365
1404,758373,213773
1405,779551,283553
1406,774858,229972
1407,776245,193642
1408,799209,214049
1409,838295,205014
1410,843948,359339
1411,744947,233071
1412,809004,239858
1413,838840,290309
1414,863682,210058
1415,746395,338046
1416,761539,305396
1417,807424,243082
1418,848407,200373
1419,809929,244528
1420,819272,251346
1421,808243,245479
1422,709033,331978
1423,832767,240604
1424,818255,220116
1425,830163,216187
1426,811557,257847
1427,836277,272560
1428,869697,240782
1429,786991,226933
1430,847635,233364
1431,777123,255131
1432,794074,280755
1433,798365,261221
1434,792217,324106
1435,877409,279311
1436,836796,283381
1437,810776,255655
1438,797840,227260
1439,805699,244328
1440,822415,228782
1441,854434,182273
1442,808472,241370
1443,854078,216536
1444,776876,210752
1445,801580,233127
1446,804306,232302
1447,798674,182094
1448,830283,261867
1449,850261,182406
1450,833903,222088
1451,828641,216117
1452,798745,216888
1453,817239,280192
1454,845443,205967
1455,801965,207790
1456,777245,282920
1457,785719,212629
1458,784197,196482
1459,875397,193513
1460,803909,143451
1461,760109,274439
1462,825397,225267
1463,827196,230652
1464,833920,273791
1465,802930,232758
1466,761357,240327
1467,787830,198769
1468,800784,277894
1469,795091,246317
1470,789940,178354
1471,849885,226831
1472,844844,217626
1473,810720,231120
1474,777952,227175
1475,796301,253068
1476,836069,211456
1477,725662,243972
1478,821905,288624
1479,750750,213230
1480,867380,208671
1481,812709,248657
1482,770611,157778
1483,839690,166947
1484,811742,247347
1485,738001,235064
1486,765796,239017
1487,818500,263988
1488,856957,152113
1489,817541,128934
1490,896024,206022
1491,771206,278182
1492,731083,257941
1493,761600,171345
1494,825399,236897
1495,793786,240794
1496,804054,228959
1497,815671,220031
1498,817824,255477
1499,792697,226642
1500,772549,239088
1501,819347,262933
1502,818044,241088
1503,804961,254767
1504,770604,331322
1505,862313,195068
1506,793309,245111
1507,764197,149751
1508,771625,309015
1509,762995,137958
1510,801340,166195
1511,802692,248240
1512,799085,326294
1513,839602,141486
1514,806206,242953
1515,848656,242083
1516,814206,234837
1517,795132,261826
1518,809504,231713
1519,726964,244068
1520,797907,236008
1521,835193,255264
1522,784965,230062
1523,783617,262452
1524,874769,237445
1525,790023,162623
1526,869977,217315
1527,816583,285646
1528,819014,178971
1529,806564,228611
1530,776929,175876
1531,820114,241824
1532,809270,235480
1533,850080,301694
1534,775576,214729
1535,762220,201489
1536,787634,208637
1537,837705,183892
1538,743486,210190
1539,833976,214186
1540,750510,324130
1541,812921,256262
1542,874372,191594
1543,868167,228347
1544,815605,239519
1545,836059,221012
1546,856835,289341
1547,823141,203497
1548,806678,241501
1549,759976,283246
1550,803022,245592
1551,765715,281157
1552,823326,281490
1553,808523,242120
1554,808833,241692
1555,810615,244983
1556,834180,195070
1557,804550,222538
1558,809651,243502
1559,833713,231141
1560,760374,144848
1561,782321,250893
1562,816153,243422
1563,817075,249226
1564,831422,194245
1565,849016,229923
1566,819357,236228
1567,830726,223022
1568,809043,241386
1569,841856,249538
1570,860654,303649
1571,822417,228001
1572,762257,204672
1573,447100,578447
1574,435369,600655
1575,450681,614019
1576,446408,617816
1577,458825,608028
1578,437246,626679
1579,454357,627922
1580,472602,547751
1581,446070,660584
1582,436173,596885
1583,427674,649409
1584,429283,696036
1585,443685,556528
1586,459542,604591
1587,432232,612326
1588,441101,632597
1589,434308,622475
1590,451267,521677
1591,440009,607204
1592,452407,650191
1593,439403,647691
1594,443034,608016
1595,444433,600811
1596,454532,645000
1597,424823,632310
1598,440107,607385
1599,451719,596564
1600,443376,615484
1601,445431,608977
1602,444904,608335
1603,440573,587754
1604,420214,670760
1605,435259,600545
1606,452350,614438
1607,462959,604618
1608,437911,580427
1609,438421,597731
1610,448067,624888
1611,444800,611906
1612,437290,592669
1613,435894,584536
1614,407185,725388
1615,452789,601477
1616,444481,611260
1617,431354,637354
1618,430530,606861
1619,443303,611108
1620,445232,613051
1621,404544,731122
1622,429547,618065
1623,443000,608074
1624,435259,597598
1625,443703,660042
1626,427786,615834
1627,459700,534846
1628,452060,618631
1629,442216,648286
1630,462253,537194
1631,438157,612420
1632,427937,624218
1633,439556,639152
1634,451591,614155
1635,444028,612568
1636,447920,560215
1637,451407,613075
1638,441417,591083
1639,437912,608595
1640,442093,606830
1641,431324,619224
1642,452444,572715
1643,435969,661051
1644,443881,624977
1645,444942,615911
1646,442766,614279
1647,429488,612140
1648,432383,651805
1649,456268,606299
1650,446119,601343
1651,457620,595627
1652,455587,621993
1653,449467,594608
1654,484292,484470
1655,442884,634567
1656,454183,557625
1657,446602,609863
1658,447314,660847
1659,444661,611980
1660,449484,620119
1661,460069,601972
1662,443667,610462
1663,429709,610420
1664,432770,626516
1665,465949,562223
1666,454289,596414
1667,454280,559579
1668,438734,570107
1669,427073,632543
1670,427633,671587
1671,435182,619799
1672,455398,637265
1673,439176,594910
1674,430654,624767
1675,442973,609902
1676,446490,615129
1677,457700,581592
1678,436458,684903
1679,439176,608167
1680,444716,611868
1681,432474,624072
1682,488115,469542
1683,460814,598923
1684,440610,616231
1685,444957,611326
1686,451341,621998
1687,445433,600419
1688,453151,609498
1689,447397,603115
1690,435903,607885
1691,461734,555207
1692,445257,622466
1693,440588,612912
1694,433033,596889
1695,455143,610900
1696,440304,609973
1697,445410,611847
1698,443089,599479
1699,441386,593318
1700,439642,618354
1701,437908,613112
1702,441050,601420
1703,444301,603484
1704,453398,598101
1705,465954,589137
1706,433377,611151
1707,458454,615360
1708,435929,617842
1709,421163,659446
1710,444871,618411
1711,450314,633443
1712,439463,599626
1713,448441,609380
1714,476283,464782
1715,479558,478960
1716,458830,569403
1717,447284,614788
1718,453260,604938
1719,448654,619238
1720,451594,607751
1721,455084,577509
1722,460103,537011
1723,431669,612443
1724,441182,595293
1725,440135,646871
1726,462743,607252
1727,433777,658240
1728,449852,588780
1729,447370,572513
1730,446663,665376
1731,453116,618005
1732,443435,574546
1733,432211,640079
1734,445068,585477
1735,445275,610456
1736,437400,589213
1737,451402,606954
1738,442169,606218
1739,454191,645997
1740,436337,595330
1741,441697,647732
1742,438007,605764
1743,463609,594447
1744,454851,622054
1745,457673,601276
1746,448431,652248
1747,409604,719216
1748,450238,522433
1749,467528,527093
1750,460222,611610
1751,447791,590725
1752,423351,683613
1753,451508,619873
1754,458908,601967
1755,447797,546020
1756,431542,625990
1757,422092,641107
1758,447028,613881
1759,450049,619865
1760,447016,561170
1761,448043,593794
1762,439602,621588
1763,448315,608918
1764,435287,618215
1765,457799,531754
1766,449352,662964
1767,448601,619650
1768,426524,626797
1769,432586,619808
1770,445966,677989
1771,443815,614792
1772,434851,666009
1773,454453,601665
1774,453894,590031
1775,452896,612311
1776,430612,606441
1777,455847,628630
1778,442111,607639
1779,437259,607669
1780,446497,614809
1781,419102,657777
1782,445558,608647
1783,449157,606166
1784,450585,629141
1785,451192,645577
1786,466810,585085
1787,410728,703979
1788,463350,513874
1789,452016,618875
1790,455258,619604
1791,441151,624453
1792,426596,668966
1793,431234,715466
1794,449808,623716
1795,452325,582322
1796,438918,619134
1797,430219,697004
1798,421865,680145
1799,448273,610829
1800,439431,589794
1801,441640,557306
1802,445421,611266
1803,417525,730640
1804,463173,567989
1805,436106,602036
1806,446833,618978
1807,451552,593032
1808,447928,606070
1809,443714,630494
1810,432886,615881
1811,435784,630866
1812,444646,611399
1813,437055,626421
1814,445625,604103
1815,443295,608421
1816,458798,606668
1817,456815,601069
1818,445849,618695
1819,435738,597721
1820,444166,604960
1821,444654,611294
1822,446989,611213
1823,443394,600502
1824,444258,609593
1825,447378,614919
1826,442751,637825
1827,441698,599768
1828,449888,537655
1829,441842,568237
1830,439549,635233
1831,430760,623698
1832,441395,627766
1833,442693,651800
1834,453303,602495
1835,414615,681241
1836,448826,537561
1837,449198,571244
1838,454814,638844
1839,447191,614648
1840,440342,640970
1841,433360,610138
1842,445370,607679
1843,445975,613913
1844,430262,612441
1845,440026,605811
1846,444154,614500
1847,440323,609745
1848,460254,614964
1849,444577,563762
1850,459997,607534
1851,428680,639406
1852,444738,611875
1853,444980,611522
1854,458310,547878
1855,438169,621102
1856,434019,616578
1857,410144,740535
1858,449172,600937
1859,435811,641521
1860,464456,493206
1861,443959,598236
1862,456121,574226
1863,419611,661423
1864,440645,592763
1865,447921,606239
1866,460039,605406
1867,450032,538394
1868,444664,674374
1869,455235,607006
1870,440869,641767
1871,436562,591307
1872,457839,604606
1873,438862,612483
1874,446792,622224
1875,432748,681751
1876,458338,602245
1877,442587,550292
1878,440230,613281
1879,435171,615060
1880,435961,621895
1881,440263,597790
1882,435502,608309
1883,448529,624596
1884,445563,607178
1885,447221,603897
1886,434199,615311
1887,442585,606098
1888,438100,647695
1889,431219,622664
1890,466686,564414
1891,427888,612137
1892,414871,690586
1893,463011,595165
1894,434131,629601
1895,458400,596749
1896,445690,614204
1897,435454,582389
1898,445342,612352
1899,461991,549808
1900,448311,603242
1901,450265,621323
1902,818219,458739
1903,744672,487943
1904,785537,466675
1905,743636,471281
1906,721661,472652
1907,811687,518457
1908,760680,472076
1909,667308,499492
1910,766891,499298
1911,744754,395698
1912,745417,531869
1913,735299,489289
1914,798153,453443
1915,677507,492264
1916,777922,503642
1917,758367,480084
1918,701688,536794
1919,691947,542928
1920,700622,405473
1921,715550,491875
1922,712286,485779
1923,804251,449725
1924,768116,501273
1925,745392,490092
1926,760154,465762
1927,739491,465044
1928,779578,465354
1929,740221,488781
1930,727117,496485
1931,696679,509407
1932,825530,459159
1933,741447,490496
1934,661797,479217
1935,718768,455594
1936,748297,514711
1937,771552,478145
1938,742585,490760
1939,753689,466700
1940,766195,525851
1941,775493,482993
1942,696197,438238
1943,739452,553002
1944,768513,393439
1945,657515,479703
1946,808800,435369
1947,745501,490810
1948,715169,485793
1949,744998,491614
1950,782056,538516
1951,718647,424172
1952,764609,489583
1953,763534,501405
1954,746579,511998
1955,785199,496523
1956,739771,507383
1957,745690,489349
1958,766343,470788
1959,765406,482869
1960,745458,491697
1961,749939,486902
1962,731377,498220
1963,771727,481735
1964,737591,465673
1965,752795,492722
1966,740259,516438
1967,757130,489186
1968,754784,486474
1969,701301,485544
1970,766959,499957
1971,756304,489736
1972,789720,518559
1973,745921,565171
1974,746925,503747
1975,775990,473484
1976,757951,459274
1977,717757,502933
1978,739644,492615
1979,685813,420491
1980,749620,446114
1981,751490,503108
1982,780624,523562
1983,764556,501749
1984,714111,509663
1985,651301,477080
1986,748808,506234
1987,743071,496017
1988,839170,510675
1989,737277,494037
1990,730517,494716
1991,781105,493570
1992,723443,496326
1993,727728,486854
1994,738050,503128
1995,751827,506545
1996,744128,491509
1997,740862,482333
1998,769904,494189
1999,680187,465189
2000,764305,518728
2001,740262,454955
2002,705432,514922
2003,721349,461213
2004,753995,491831
2005,777463,500299
2006,751796,445457
2007,787906,558654
2008,745454,488276
2009,737826,491074
2010,745033,491606
2011,737370,495925
2012,679889,493203
2013,739253,483120
2014,725641,530996
2015,744128,537362
2016,699536,450629
2017,725081,485892
2018,755578,395916
2019,755920,505968
2020,698637,479409
2021,728129,500290
2022,765069,395708
2023,685690,459731
2024,751359,489325
2025,691104,470705
2026,740118,531723
2027,785655,508844
2028,741888,484144
2029,746713,501892
2030,781871,480793
2031,789905,516728
2032,762190,469655
2033,652041,437907
2034,721998,450358
2035,771567,443784
2036,786637,449043
2037,780565,507134
2038,720719,478954
2039,818977,548276
2040,742129,489709
2041,717489,450861
2042,771764,496863
2043,839507,510409
2044,747241,474168
2045,763104,470945
2046,709537,529162
2047,756251,468939
2048,739447,497012
2049,744281,498059
2050,802128,475573
2051,748938,475486
2052,704065,426062
2053,673866,497010
2054,657004,483127
2055,696264,534642
2056,718455,546526
2057,747904,486697
2058,741784,485006
2059,752511,493459
2060,658397,474679
2061,689373,481718
2062,735419,521089
2063,813911,494530
2064,736699,495571
2065,741679,482804
2066,796870,493350
2067,790913,434009
2068,733227,508516
2069,712687,527762
2070,721334,470136
2071,784475,589185
2072,758563,500321
2073,739547,489215
2074,750308,483196
2075,750854,463676
2076,732037,521822
2077,746425,494200
2078,728512,466105
2079,827519,523909
2080,732792,438957
2081,825078,486120
2082,723331,488479
2083,751250,554067
2084,672462,515287
2085,752431,474401
2086,776746,542829
2087,746258,490697
2088,744842,490334
2089,771250,521703
2090,782116,487638
2091,766054,500996
2092,757582,487189
2093,784643,462183
2094,786453,437687
2095,768918,444830
2096,743862,420503
2097,756376,469701
2098,745773,515857
2099,755676,496120
2100,788465,498692
2101,740196,515856
2102,729956,570278
2103,692017,350411
2104,778300,495684
2105,770734,513047
2106,839244,520420
2107,837533,541144
2108,755622,389100
2109,683156,477909
2110,749007,465411
2111,746916,486226
2112,747666,478824
2113,796502,510572
2114,781518,491802
2115,734537,513380
2116,777438,503372
2117,746927,493782
2118,782638,472545
2119,686890,533353
2120,736648,486939
2121,770320,449290
2122,736308,496256
2123,694554,535143
2124,731019,488690
2125,747697,489436
2126,724508,471646
2127,728414,498907
2128,702554,535597
2129,759434,490376
2130,695726,486749
2131,797473,471372
2132,745294,492940
2133,761897,442656
2134,693716,476453
2135,729190,580460
2136,790062,485624
2137,750835,484965
2138,804706,508099
2139,745027,489971
2140,752645,478941
2141,761125,545456
2142,738676,488228
2143,774857,499250
2144,674726,483779
2145,743304,462660
2146,734294,489972
2147,742707,446699
2148,693853,483179
2149,740373,488728
2150,738729,512733
2151,748030,471059
2152,754610,489442
2153,751376,493290
2154,772549,498648
2155,745511,464200
2156,784908,598626
2157,800642,547740
2158,764201,504873
2159,726987,487946
2160,751489,442230
2161,759258,407764
2162,764112,512367
2163,783936,495842
2164,745285,491152
2165,737497,445283
2166,734479,474887
2167,753541,513095
2168,747199,581068
2169,779361,467379
2170,759544,452684
2171,767537,476326
2172,779260,465853
2173,759503,507476
2174,653418,491119
2175,731808,483131
2176,697936,482887
2177,739490,457808
2178,725595,498992
2179,744105,488265
2180,734111,502380
2181,714663,545229
2182,705578,505385
2183,774790,505536
2184,742720,483440
2185,690411,504116
2186,744972,529838
2187,748626,467103
2188,772618,505985
2189,759501,501657
2190,788686,475140
2191,707047,411898
2192,759900,480354
2193,721240,488869
2194,749909,495121
2195,731573,423211
2196,735690,487883
2197,736447,495116
2198,736840,480400
2199,766906,565918
2200,777336,493593
2201,742956,482214
2202,691442,511116
2203,676995,476288
2204,737776,506695
2205,737775,515859
2206,746789,484134
2207,702306,508607
2208,700190,518411
2209,734587,494087
2210,738362,540660
2211,743423,497525
2212,681136,488487
2213,791228,500692
2214,745226,489261
2215,728996,491089
2216,743598,490116
2217,773513,499993
2218,739663,533583
2219,648157,464934
2220,746257,489489
2221,754966,558120
2222,731717,480912
2223,781393,496807
2224,755246,509169
2225,718862,480199
2226,747883,519302
2227,744025,492118
2228,727112,497222
2229,724127,529035
2230,734376,455402
2231,736327,493658
2232,661222,492516
2233,780931,476348
2234,719728,508053
2235,768226,555200
2236,800317,784636
2237,813882,790297
2238,811050,797793
2239,802282,801674
2240,790311,781251
2241,774427,788519
2242,865085,777786
2243,818350,787409
2244,815889,783684
2245,816463,800337
2246,815268,782521
2247,806535,822224
2248,832317,794891
2249,809154,792606
2250,807272,807084
2251,803126,793952
2252,772765,829968
2253,748190,797315
2254,811562,798728
2255,811233,796697
2256,806068,811127
2257,808610,801067
2258,820422,805195
2259,800994,792867
2260,818562,793459
2261,810642,797694
2262,810409,793197
2263,792069,780712
2264,815892,803983
2265,779163,791549
2266,804879,811064
2267,811111,798591
2268,798050,785780
2269,794594,796647
2270,800880,821084
2271,801852,797430
2272,813805,794889
2273,684742,858350
2274,849765,799977
2275,811006,799360
2276,752217,796250
2277,845878,785568
2278,770665,821201
2279,839914,798603
2280,782173,797095
2281,763493,808260
2282,816224,792191
2283,790536,796206
2284,812533,805236
2285,815790,795797
2286,817150,793334
2287,800081,798478
2288,827452,805731
2289,753254,805073
2290,712652,814903
2291,837545,807762
2292,762397,803499
2293,814040,798210
2294,775353,785881
2295,811672,805014
2296,848200,804071
2297,814419,790706
2298,801854,795090
2299,808649,800874
2300,815014,790524
2301,800539,794875
2302,826452,774195
2303,813755,789306
2304,803210,779021
2305,783620,829765
2306,811619,799698
2307,709277,840357
2308,808478,795327
2309,761486,827536
2310,838705,773992
2311,810812,798446
2312,786935,791732
2313,800668,815680
2314,792980,821154
2315,807147,776017
2316,851656,790283
2317,825953,804985
2318,852355,792202
2319,817868,793701
2320,815645,811090
2321,834080,801772
2322,746273,810719
2323,862496,778936
2324,829158,817432
2325,817826,776448
2326,814716,818970
2327,808612,800038
2328,763526,799481
2329,798177,799333
2330,844586,802273
2331,828381,790305
2332,812051,780503
2333,810514,802370
2334,815619,802774
2335,822284,774498
2336,823994,791174
2337,821453,779300
2338,726276,836622
2339,846308,810323
2340,812282,802500
2341,820325,799356
2342,810158,800509
2343,830963,776249
2344,828273,800409
2345,806713,819895
2346,804078,808708
2347,831445,773615
2348,811385,793975
2349,882553,782545
2350,830856,816331
2351,809052,785192
2352,845361,796494
2353,836085,766127
2354,810403,799127
2355,810563,799792
2356,760137,803552
2357,751620,820060
2358,808740,798806
2359,852753,799139
2360,794086,791644
2361,815442,805892
2362,813406,779457
2363,828420,778270
2364,841353,810185
2365,788090,798495
2366,896122,752214
2367,807593,810444
2368,854520,808339
2369,806768,823619
2370,815330,805167
2371,772496,803150
2372,805108,796673
2373,840496,769202
2374,875012,768919
2375,862306,765939
2376,837251,807197
2377,793340,781982
2378,819165,810616
2379,879185,797717
2380,798852,827092
2381,802157,792844
2382,814428,817590
2383,824529,807816
2384,776070,829533
2385,758092,832345
2386,826726,795730
2387,776003,790728
2388,841726,800729
2389,846786,765439
2390,802870,819655
2391,811161,798794
2392,806610,814590
2393,803063,809522
2394,834569,809292
2395,824219,801663
2396,762598,815926
2397,804861,826217
2398,808589,793608
2399,811491,798866
2400,824463,818956
2401,813497,822786
2402,802641,794320
2403,798398,827206
2404,836616,812262
2405,808701,800100
2406,806309,805747
2407,807546,803599
2408,812855,795781
2409,832359,781195
2410,808459,797917
2411,844453,807177
2412,795810,797565
2413,812775,800227
2414,833218,782008
2415,902127,790356
2416,851161,798515
2417,834253,806535
2418,810198,799363
2419,805723,788560
2420,818972,795586
2421,786133,824977
2422,871946,767622
2423,780537,795247
2424,788649,794537
2425,812179,799484
2426,819533,799169
2427,810233,797993
2428,772515,835615
2429,807776,793655
2430,806119,784986
2431,845500,789584
2432,849098,786555
2433,769350,788631
2434,830472,784347
2435,804095,806441
2436,837448,786979
2437,809435,797683
2438,798097,792059
2439,803357,779049
2440,828589,808321
2441,688923,822917
2442,817776,808814
2443,777392,785033
2444,814227,796434
2445,892881,792214
2446,849209,792426
2447,808499,792311
2448,772973,813821
2449,856014,784608
2450,880096,760613
2451,820461,797871
2452,787229,807186
2453,807914,798232
2454,824520,816576
2455,819784,779387
2456,793972,784171
2457,850054,775827
2458,815919,801046
2459,813274,800479
2460,733659,846262
2461,787857,788060
2462,765996,826401
2463,835927,776081
2464,811536,800108
2465,795556,798494
2466,811762,777181
2467,845455,809831
2468,801399,812391
2469,811030,804846
2470,812057,805634
2471,954037,754046
2472,801110,809783
2473,805663,799265
2474,766780,820253
2475,819233,774163
2476,842369,781218
2477,816267,820949
2478,809664,810841
2479,809626,801102
2480,803374,814949
2481,793044,820441
2482,817013,794412
2483,803922,782547
2484,808035,798648
2485,799944,816622
2486,882811,793520
2487,808680,796706
2488,817649,793894
2489,811896,798882
2490,811431,773910
2491,791917,803419
2492,811114,797982
2493,804722,818319
2494,809031,794833
2495,846172,787246
2496,795683,807841
2497,820895,770082
2498,814195,799627
2499,813666,801736
2500,794412,821642
2501,866119,772773
2502,833899,769899
2503,800075,792980
2504,793835,803740
2505,747595,808890
2506,815019,804514
2507,774498,791774
2508,828759,807565
2509,797410,792297
2510,773559,811913
2511,777063,793465
2512,778859,812924
2513,827063,782736
2514,813325,799374
2515,817057,799945
2516,808789,803743
2517,811794,796546
2518,758239,811790
2519,811526,798522
2520,820837,796472
2521,762099,802683
2522,854479,761858
2523,852585,769444
2524,792700,826386
2525,771857,793747
2526,810044,791867
2527,773322,815967
2528,808797,782400
2529,772267,786407
2530,821809,776574
2531,850867,794795
2532,827966,798346
2533,809615,782697
2534,841746,765533
2535,809140,809166
2536,760079,809519
2537,903112,748680
2538,816200,783338
2539,818466,801242
2540,811844,795617
2541,805778,794695
2542,793557,795249
2543,799520,804177
2544,898849,767378
2545,810560,798181
2546,830952,784116
2547,776951,822900
2548,793031,790061
2549,808698,813898
2550,809098,796696
2551,826957,812482
2552,820493,816355
2553,809186,790562
2554,805060,785568
2555,828989,784053
2556,785544,795681
2557,818964,801925
2558,840579,786111
2559,781601,808491
2560,782521,782691
2561,788766,823901
2562,847740,764964
2563,837971,773332
2564,800539,823945
2565,812502,800441
2566,760867,799121
2567,815737,804639
2568,800968,811241
2569,666089,834004
2570,663355,712969
2571,621522,740455
2572,635643,769436
2573,675306,759322
2574,662388,702735
2575,631228,738355
2576,618043,759128
2577,658668,727864
2578,577939,713682
2579,578115,647986
2580,667218,717759
2581,633117,708577
2582,590219,637555
2583,629694,706231
2584,600117,727120
2585,595905,708060
2586,571086,725107
2587,664594,695034
2588,664481,709254
2589,605036,714271
2590,640037,713785
2591,657586,724372
2592,641567,698735
2593,655793,705794
2594,694243,777923
2595,650118,739354
2596,625348,716968
2597,674203,723060
2598,607366,794211
2599,728537,782503
2600,636134,677351
2601,680555,646090
2602,616343,714532
2603,636986,733872
2604,641756,723448
2605,642156,719494
2606,673940,685535
2607,638563,721974
2608,617223,759236
2609,666434,795317
2610,650616,745355
2611,644829,715595
2612,628266,714048
2613,614978,720929
2614,621371,632289
2615,627449,758729
2616,703914,726785
2617,749598,763757
2618,742388,753054
2619,617282,739230
2620,629683,689530
2621,630843,719036
2622,634532,716093
2623,634214,708358
2624,628856,751488
2625,705772,693959
2626,638982,719285
2627,587652,724621
2628,643835,717689
2629,642061,703080
2630,680868,731424
2631,647974,734779
2632,592707,669467
2633,659403,713194
2634,651363,677982
2635,614618,734345
2636,644438,720614
2637,625398,783528
2638,623234,700831
2639,589875,662805
2640,636688,682078
2641,649471,717081
2642,619595,706496
2643,639029,714515
2644,624252,713773
2645,644538,719707
2646,634803,719010
2647,640350,716486
2648,617866,626069
2649,595870,694998
2650,640447,732249
2651,657571,721522
2652,575169,678903
2653,640485,708409
2654,621979,764543
2655,656764,717599
2656,636714,764339
2657,688874,674571
2658,673737,716750
2659,640545,719321
2660,648627,715000
2661,680227,725783
2662,642156,702212
2663,643279,717650
2664,651261,650210
2665,619626,709345
2666,637681,686532
2667,573020,690010
2668,633199,696635
2669,599265,707098
2670,601118,714354
2671,641842,702995
2672,632370,701340
2673,608368,700007
2674,578988,672472
2675,638705,715159
2676,613932,677231
2677,644853,729111
2678,622277,680778
2679,593708,756565
2680,637061,716304
2681,641164,670236
2682,600402,716490
2683,615211,738645
2684,672211,778530
2685,610174,773555
2686,667479,679479
2687,636169,706669
2688,640386,714859
2689,649453,717922
2690,712029,783889
2691,592222,693517
2692,651585,660825
2693,633304,754799
2694,647577,711195
2695,657545,781613
2696,639437,657390
2697,655486,699195
2698,649760,788229
2699,619325,698780
2700,642584,700876
2701,666128,731003
2702,587018,731896
2703,658798,678713
2704,639138,713564
2705,640407,699332
2706,628732,709659
2707,597091,721757
2708,625293,728810
2709,637459,716775
2710,631939,715432
2711,639767,716618
2712,657470,776215
2713,644574,724986
2714,643326,667754
2715,637013,716551
2716,637928,736516
2717,638524,716979
2718,641037,749494
2719,744175,824183
2720,630888,721150
2721,682697,691654
2722,643035,794315
2723,650554,749918
2724,590310,693864
2725,696877,774723
2726,639224,725980
2727,577546,721880
2728,568534,684407
2729,690850,689909
2730,615247,717251
2731,648244,757652
2732,614355,744609
2733,598498,733367
2734,636147,756083
2735,640146,716376
2736,623215,759842
2737,620171,682152
2738,625273,757065
2739,642302,720219
2740,640794,716774
2741,632199,677873
2742,677482,731155
2743,683887,763501
2744,571889,734967
2745,644095,713949
2746,674833,774365
2747,633990,715067
2748,588052,698231
2749,582502,734232
2750,629241,709064
2751,621793,691450
2752,564985,720790
2753,608073,717718
2754,649264,623529
2755,625470,711928
2756,635743,700164
2757,639458,695115
2758,657070,728343
2759,623562,815551
2760,628271,713663
2761,614013,717118
2762,664363,719884
2763,646682,778239
2764,643031,711746
2765,635888,714638
2766,637926,760128
2767,706465,730410
2768,598688,641355
2769,636357,710148
2770,619179,722481
2771,575423,679721
2772,644324,711134
2773,650187,695637
2774,594784,713427
2775,669413,626722
2776,638107,719254
2777,616146,714529
2778,600414,710999
2779,638239,720591
2780,621026,726987
2781,643758,642099
2782,631541,719940
2783,632907,723310
2784,556196,697263
2785,625338,753765
2786,608865,760275
2787,644289,714585
2788,654608,717068
2789,647933,681045
2790,600938,632401
2791,644141,714046
2792,652753,681903
2793,673086,711329
2794,677109,760072
2795,692705,734434
2796,661454,768233
2797,639972,713150
2798,641471,715828
2799,591801,614048
2800,643566,727250
2801,642738,714776
2802,645620,711331
2803,638646,715577
2804,639716,713819
2805,640123,716370
2806,636036,719743
2807,679473,830964
2808,614791,755467
2809,630101,718174
2810,600690,715512
2811,639919,716397
2812,591948,697390
2813,631587,656092
2814,633313,755930
2815,642079,712689
2816,638940,715883
2817,582307,680357
2818,741709,741282
2819,635638,728110
2820,681534,767969
2821,638626,722646
2822,643958,695240
2823,562522,643515
2824,676366,743485
2825,654027,722884
2826,648785,731624
2827,632325,718150
2828,632400,717327
2829,699585,703025
2830,643425,712951
2831,647952,692203
2832,644464,717988
2833,609497,690486
2834,624086,658572
2835,591266,693611
2836,644299,720467
2837,695676,689657
2838,719566,732237
2839,643481,712387
2840,621553,724972
2841,675171,644567
2842,642088,717688
2843,631286,738866
2844,598179,722745
2845,661574,646984
2846,597177,721927
2847,638644,718384
2848,675532,657020
2849,637237,710890
2850,627082,747118
2851,641684,622495
2852,610549,787508
2853,692090,719344
2854,594137,703143
2855,635109,757188
2856,635261,760734
2857,639214,723166
2858,657024,681096
2859,632584,729817
2860,575738,712438
2861,634015,748405
2862,640792,716461
2863,638930,750970
2864,595684,714098
2865,644682,714745
2866,687122,738565
2867,582189,696266
2868,662371,692744
2869,689387,732193
2870,631305,772757
2871,621234,756293
2872,647217,690066
2873,651002,770893
2874,599630,680197
2875,692902,724241
2876,635307,687584
2877,624302,673977
2878,597977,724431
2879,631749,686314
2880,586797,700555
2881,651464,674550
2882,644259,663182
2883,640577,744002
2884,694967,681439
2885,598907,762599
2886,603651,724290
2887,661592,678312
2888,628898,734733
2889,634058,735934
2890,651540,690618
2891,743595,771912
2892,642879,718910
2893,547785,707002
2894,657408,727645
2895,642638,702608
2896,667783,714977
2897,587867,711394
2898,673200,729390
2899,641257,715039
2900,644255,713073
2901,639626,719489
2902,597290,605851
2903,731514,795689
2904,631408,769161
2905,638880,702053
2906,620283,658094
2907,651419,667815
2908,639893,715879
2909,430958,399843
2910,288309,429308
2911,389692,397293
2912,380526,401970
2913,292021,390076
2914,324928,471447
2915,371433,385799
2916,377209,412253
2917,387305,387873
2918,369117,397361
2919,310010,399662
2920,370048,374155
2921,360551,355205
2922,268104,419269
2923,344883,383901
2924,354753,378429
2925,367537,392135
2926,353389,370521
2927,381174,352881
2928,410449,395441
2929,353786,443365
2930,373259,425038
2931,367991,414300
2932,424221,332081
2933,368967,393063
2934,373155,348025
2935,356869,407779
2936,421918,372834
2937,363808,379256
2938,318948,427185
2939,369319,393167
2940,441676,361920
2941,367443,386597
2942,343367,432603
2943,399464,396822
2944,367746,412765
2945,343712,387222
2946,330645,428927
2947,366129,390623
2948,368286,384336
2949,360144,423007
2950,442589,347988
2951,426703,307919
2952,355911,408576
2953,330703,388501
2954,319314,380972
2955,365073,439999
2956,365850,390295
2957,369301,398897
2958,365576,408520
2959,372873,380333
2960,314268,433123
2961,363186,405653
2962,407957,346707
2963,320065,449062
2964,448553,386656
2965,366440,394547
2966,370161,335319
2967,382560,400741
2968,374652,399152
2969,373050,380559
2970,340119,374760
2971,332999,468819
2972,368043,392456
2973,349724,389875
2974,355185,402533
2975,345337,367192
2976,398226,429400
2977,387524,382630
2978,358775,393808
2979,377224,415288
2980,374349,387203
2981,376056,389093
2982,370125,422037
2983,367014,393820
2984,381777,398466
2985,463226,372108
2986,362310,400633
2987,358405,437704
2988,398464,340720
2989,332650,380018
2990,310248,404023
2991,362438,399028
2992,441567,317507
2993,386106,399316
2994,331518,400351
2995,355079,406943
2996,385732,386672
2997,362249,399055
2998,358666,369179
2999,334983,444655
3000,396407,383762
3001,420275,394734
3002,491692,335511
3003,410085,382004
3004,361204,407569
3005,371227,425832
3006,434135,369029
3007,383912,396636
3008,374141,387057
3009,285057,398068
3010,366346,353823
3011,376299,422302
3012,428290,339225
3013,370173,377657
3014,347618,389340
3015,392049,421698
3016,356047,415080
3017,366133,381852
3018,399141,363105
3019,367907,393330
3020,382234,374317
3021,389870,359416
3022,363455,393835
3023,364705,393275
3024,422576,328431
3025,454855,338314
3026,362345,388691
3027,369261,362808
3028,351901,420388
3029,349531,407934
3030,428747,325439
3031,423706,326116
3032,353701,444532
3033,371602,391306
3034,340261,373503
3035,356193,425466
3036,368765,387791
3037,379895,442982
3038,354246,416218
3039,353782,372623
3040,361326,366997
3041,368932,390922
3042,365735,393981
3043,378943,368751
3044,392160,327855
3045,427432,397464
3046,367982,393206
3047,364036,409097
3048,344531,365263
3049,357000,421753
3050,369441,392952
3051,489693,353205
3052,367173,393741
3053,442860,361976
3054,433651,314903
3055,367478,393206
3056,369993,409013
3057,343270,362023
3058,358829,388192
3059,280484,412725
3060,379667,374359
3061,351611,456804
3062,348503,388328
3063,421443,415243
3064,378071,376634
3065,357600,357844
3066,456365,378763
3067,313559,440588
3068,368047,442140
3069,362095,375130
3070,411435,350026
3071,382507,407790
3072,400940,394734
3073,390136,373731
3074,460753,343011
3075,415242,393698
3076,342396,391351
3077,352868,389859
3078,277460,489953
3079,299780,465541
3080,365940,382162
3081,366415,382828
3082,305291,391982
3083,426977,370168
3084,375673,334323
3085,367277,402046
3086,459889,378512
3087,417706,382840
3088,298298,412540
3089,443267,354086
3090,442961,340392
3091,367754,393108
3092,361296,350811
3093,322284,366148
3094,380737,407473
3095,331877,398559
3096,366854,379273
3097,398340,320864
3098,350796,417352
3099,386988,366181
3100,374922,401941
3101,372656,413812
3102,407528,392953
3103,373317,372501
3104,413899,355953
3105,372904,398412
3106,380871,408007
3107,381376,377613
3108,366700,428246
3109,375047,419886
3110,369039,368296
3111,357287,426880
3112,351337,391989
3113,422686,391507
3114,322113,402088
3115,313827,453626
3116,366725,388304
3117,348020,368414
3118,345259,444293
3119,373422,398453
3120,375594,387963
3121,354488,384371
3122,354776,373819
3123,367020,431868
3124,343924,394943
3125,396363,342426
3126,368565,395000
3127,334752,421063
3128,357589,405480
3129,344657,412267
3130,354327,437800
3131,222541,517853
3132,374454,395268
3133,407287,396215
3134,358416,380452
3135,385765,393384
3136,380383,436027
3137,371335,373351
3138,369432,351894
3139,387426,417490
3140,318015,426565
3141,357073,452459
3142,428772,326127
3143,361333,397801
3144,502547,326866
3145,400453,373153
3146,454810,368218
3147,390831,423223
3148,379720,412464
3149,377959,390933
3150,360856,391213
3151,396309,431852
3152,379709,333917
3153,418477,330985
3154,433533,301452
3155,313258,420642
3156,371646,395045
3157,398572,370806
3158,366902,392557
3159,380779,374190
3160,348212,422593
3161,348347,406831
3162,386604,403766
3163,368841,393444
3164,379759,373200
3165,474000,373102
3166,305869,455262
3167,382235,404889
3168,354459,372458
3169,360152,349546
3170,323547,454905
3171,355229,393737
3172,343774,374746
3173,353121,391609
3174,398762,385070
3175,345068,427644
3176,409536,399697
3177,375052,374682
3178,346936,396623
3179,488198,321077
3180,363473,411857
3181,370698,404478
3182,366118,405813
3183,347698,375328
3184,374102,376481
3185,366822,387881
3186,313542,382249
3187,406898,360586
3188,338836,392104
3189,282532,404029
3190,329281,383861
3191,367073,391036
3192,375745,410134
3193,363715,392813
3194,373658,379638
3195,382850,370992
3196,368491,394700
3197,338194,397747
3198,394127,373540
3199,329464,361453
3200,402219,389373
3201,366609,367590
3202,372599,393499
3203,250378,432191
3204,385749,377554
3205,407544,369095
3206,354255,411629
3207,367885,392222
3208,371499,426312
3209,380653,396567
3210,395810,409693
3211,297938,433375
3212,381179,414445
3213,437877,347481
3214,306945,480371
3215,316990,373690
3216,392894,402564
3217,355056,436711
3218,346323,383200
3219,375671,422534
3220,359173,399693
3221,348403,367914
3222,391934,357410
3223,382289,412552
3224,359234,385642
3225,350137,390854
3226,433131,354612
3227,414002,404047
3228,313426,373193
3229,365893,395684
3230,352861,404254
3231,423259,413108
3232,342536,385968
3233,378734,360574
3234,324529,411839
3235,341410,388137
3236,382313,353149
3237,310836,453367
3238,305482,426633
3239,368911,387905
3240,415434,378044
3241,355387,401760
3242,400394,380796
3243,433951,333853
3244,370049,391721
3245,361416,396369
3246,382069,429732
3247,377351,397813
3248,374602,414232
3249,391042,431684
3250,305056,468145
3251,374829,382877
3252,377098,347754
3253,393767,397550
3254,144268,276753
3255,215028,220479
3256,153160,241301
3257,204085,181687
3258,148601,267824
3259,150396,243417
3260,75053,198882
3261,160715,202648
3262,149811,261597
3263,137141,205921
3264,179778,277955
3265,165119,242674
3266,135664,249619
3267,157148,244335
3268,150545,140302
3269,172609,209554
3270,141123,227935
3271,177806,154620
3272,96693,226847
3273,159801,255188
3274,158279,306457
3275,106594,298013
3276,164852,249505
3277,178416,232560
3278,157237,214768
3279,119152,233480
3280,150318,246184
3281,150718,240605
3282,119669,227422
3283,112325,286166
3284,140863,217226
3285,114710,237058
3286,150277,238132
3287,260493,232066
3288,192924,285957
3289,157361,236655
3290,120477,343024
3291,167164,191976
3292,217034,193419
3293,156209,240252
3294,192247,242718
3295,162975,233798
3296,165909,230495
3297,95532,259570
3298,170130,205170
3299,176560,202712
3300,163715,316643
3301,116514,334971
3302,205220,178756
3303,170867,249578
3304,123642,285790
3305,160154,247973
3306,142910,232333
3307,72590,266630
3308,194651,259000
3309,217323,208526
3310,167022,245603
3311,172229,208129
3312,153365,176988
3313,140479,249911
3314,122241,215836
3315,153113,210707
3316,217418,274869
3317,134197,229036
3318,150866,251334
3319,88899,193473
3320,133925,284607
3321,166422,235921
3322,203424,155150
3323,169129,246178
3324,204581,229675
3325,175763,259085
3326,148822,224002
3327,145445,241063
3328,90601,251094
3329,94069,310203
3330,134257,281279
3331,210968,268894
3332,72179,193748
3333,162440,248306
3334,158466,255685
3335,108151,255519
3336,190921,241361
3337,129364,269179
3338,142602,169045
3339,157863,234771
3340,126120,302129
3341,188602,207706
3342,140044,236985
3343,139681,279210
3344,176697,232285
3345,165098,235353
3346,185138,253839
3347,177499,229724
3348,99933,167407
3349,88352,153257
3350,157112,237132
3351,163478,206806
3352,201618,230336
3353,173603,280590
3354,141639,249631
3355,220177,221674
3356,138443,274842
3357,118564,178036
3358,127565,288773
3359,231852,300137
3360,131034,236016
3361,126159,254707
3362,130423,177562
3363,153854,219971
3364,149485,221996
3365,183658,234419
3366,187411,351115
3367,126009,263298
3368,187212,296109
3369,178011,245705
3370,158055,169233
3371,117834,270265
3372,156732,235033
3373,193316,188676
3374,171343,274816
3375,107689,282750
3376,155227,237869
3377,212672,226100
3378,134601,255747
3379,152195,242436
3380,141439,241858
3381,132333,232073
3382,141096,255435
3383,138027,196894
3384,107048,276231
3385,110917,233442
3386,77867,176841
3387,81578,203212
3388,118882,213794
3389,138610,243160
3390,95940,250198
3391,138317,230431
3392,144487,220569
3393,159080,210722
3394,104076,237987
3395,55608,239370
3396,134715,256643
3397,184201,211156
3398,210080,198044
3399,86195,286968
3400,151352,235918
3401,140740,224652
3402,152045,242628
3403,139565,215381
3404,95382,115668
3405,166485,289645
3406,145886,232715
3407,145425,222404
3408,167320,227937
3409,109106,241177
3410,169442,218850
3411,190466,314935
3412,126749,322037
3413,109019,276837
3414,143826,252240
3415,178464,289072
3416,141114,230663
3417,179963,233787
3418,179359,286852
3419,178752,236631
3420,99921,285370
3421,207806,208222
3422,143261,243324
3423,137960,272533
3424,161853,241439
3425,154899,236738
3426,89002,185590
3427,134534,234174
3428,70828,255798
3429,171329,274604
3430,211070,193909
3431,217828,243464
3432,151151,176449
3433,126725,255892
3434,126583,234454
3435,184909,210754
3436,157310,236360
3437,169498,251197
3438,159645,274415
3439,93068,223040
3440,129344,161493
3441,130695,281841
3442,136174,240128
3443,134700,198782
3444,138929,241622
3445,213522,187354
3446,204276,205249
3447,125172,193445
3448,64731,278881
3449,157125,223822
3450,199017,249218
3451,167454,212223
3452,152798,242467
3453,116915,275546
3454,78353,241479
3455,167047,244425
3456,181967,256901
3457,239215,155684
3458,118884,300452
3459,144797,230297
3460,158439,178226
3461,97247,293648
3462,129442,217878
3463,142200,219871
3464,249815,202233
3465,176211,249367
3466,162487,231383
3467,104953,265999
3468,128774,261335
3469,145002,258062
3470,109749,144848
3471,178163,282559
3472,192408,212255
3473,161407,246483
3474,206830,228445
3475,152402,233954
3476,140787,235320
3477,117830,176866
3478,129627,230607
3479,197192,249867
3480,141613,249308
3481,181453,220148
3482,144536,253350
3483,161938,250969
3484,112734,194495
3485,177061,241238
3486,140450,251264
3487,156436,244401
3488,118868,263809
3489,166469,246603
3490,179324,260539
3491,146316,205253
3492,160154,250907
3493,160139,234540
3494,130096,194244
3495,143466,232632
3496,136755,258715
3497,108243,264050
3498,156705,234233
3499,218453,238844
3500,110620,274173
3501,153221,241288
3502,179316,221508
3503,151670,241288
3504,134525,261281
3505,128299,180061
3506,86068,184431
3507,161133,256386
3508,196438,340934
3509,170508,258328
3510,174802,321458
3511,171073,270912
3512,89431,369980
3513,160989,246559
3514,172444,256387
3515,200338,193361
3516,154432,244349
3517,180319,219849
3518,78660,284471
3519,133488,208631
3520,166700,273767
3521,158204,258609
3522,58050,223469
3523,152867,264083
3524,157309,236777
3525,181862,227140
3526,186828,189533
3527,171811,227066
3528,165450,229776
3529,122772,264058
3530,151892,241676
3531,187798,303030
3532,190235,167285
3533,242760,167858
3534,156000,378411
3535,205888,280170
3536,95867,259419
3537,149794,238544
3538,101638,178019
3539,222802,198503
3540,159533,251379
3541,112948,282360
3542,144335,229546
3543,206896,367899
3544,158471,216252
3545,120858,240853
3546,152032,231945
3547,211131,188011
3548,182784,269055
3549,153178,241337
3550,170985,209026
3551,80076,288020
3552,167873,252058
3553,137936,246518
3554,133709,226030
3555,166457,390762
3556,158813,243350
3557,197453,333526
3558,157360,233258
3559,143594,273441
3560,191229,241672
3561,180427,312249
3562,84714,326665
3563,118712,286174
3564,92454,252582
3565,137294,229982
3566,160684,211150
3567,156631,278563
3568,167385,241304
3569,207906,252466
3570,190611,234816
3571,169463,303498
3572,124465,141723
3573,156822,248429
3574,188822,270818
3575,152202,241086
3576,199047,192628
3577,152263,236574
3578,93554,238027
3579,115519,247122
3580,153119,237198
3581,113310,243963
3582,149279,247411
3583,112451,173337
3584,160721,263397
3585,188587,270232
3586,150271,241545
3587,215675,181803
3588,181449,228007
3589,167088,231235
3590,154533,241892
3591,207478,236138
3592,228271,242563
3593,124311,264560
3594,147580,246081
3595,167270,256296
3596,137415,260085
3597,117982,238689
3598,176114,243137
3599,176353,239706
3600,324309,166872
3601,392529,133066
3602,387143,205819
3603,315686,148375
3604,372307,207143
3605,290748,129273
3606,376187,166773
3607,446211,212565
3608,339489,271530
3609,299636,118558
3610,384451,170208
3611,419623,170598
3612,365668,171196
3613,382703,171033
3614,357806,160668
3615,380679,162274
3616,384346,170473
3617,418415,105109
3618,417082,103373
3619,369556,142627
3620,379148,178654
3621,384167,222495
3622,371474,162477
3623,377275,221534
3624,372175,167867
3625,358783,228332
3626,336939,181660
3627,373227,166478
3628,365097,230323
3629,381537,180080
3630,458186,113406
3631,374600,209645
3632,327673,129969
3633,376760,167008
3634,317484,211236
3635,379919,130105
3636,375988,180698
3637,401736,201387
3638,383144,171907
3639,356265,117217
3640,388774,244098
3641,370912,141931
3642,386314,143500
3643,339875,161835
3644,300745,137979
3645,315895,239910
3646,327997,87427
3647,445579,86284
3648,371948,163895
3649,396379,192470
3650,354113,165421
3651,353798,153195
3652,363959,188656
3653,406938,130849
3654,437430,181780
3655,384473,174377
3656,324275,247659
3657,449926,204896
3658,348218,120268
3659,377887,170109
3660,314123,150422
3661,426060,229744
3662,381016,196248
3663,406482,161657
3664,409685,193186
3665,332142,182153
3666,384154,220169
3667,334035,188917
3668,327787,130075
3669,346232,146996
3670,380792,139922
3671,427578,177762
3672,419953,185219
3673,419059,130129
3674,400952,138241
3675,392566,190754
3676,462778,136346
3677,471311,217409
3678,389739,157850
3679,411767,144858
3680,393737,128932
3681,347554,178758
3682,417370,195374
3683,388369,164872
3684,379440,166059
3685,383959,186043
3686,386770,157312
3687,420415,91904
3688,384982,163647
3689,317168,199452
3690,336851,155364
3691,391415,152720
3692,371094,153053
3693,522544,137289
3694,407582,202582
3695,436631,230033
3696,435566,231374
3697,435061,194635
3698,398527,261527
3699,427239,152272
3700,371277,155889
3701,383801,170340
3702,347681,289055
3703,448694,47368
3704,421379,160869
3705,385673,169869
3706,422831,251615
3707,416238,192639
3708,379165,260170
3709,341606,259863
3710,330988,86975
3711,320580,219080
3712,333078,148391
3713,289908,149141
3714,366903,161264
3715,384297,171363
3716,371268,193531
3717,490336,221064
3718,403773,182381
3719,480223,55835
3720,398964,173756
3721,275627,161147
3722,369463,220974
3723,450073,177505
3724,396190,147633
3725,406794,150921
3726,400621,160003
3727,381401,174018
3728,367783,166713
3729,388432,168860
3730,421673,187031
3731,361441,267667
3732,405321,93925
3733,362859,140340
3734,410227,150096
3735,377272,194047
3736,452280,139126
3737,450967,176620
3738,347447,148710
3739,395987,245761
3740,410961,120335
3741,380302,176495
3742,319129,144332
3743,385852,170306
3744,311535,237816
3745,403237,111727
3746,389402,186417
3747,349659,200811
3748,357067,228645
3749,381908,166627
3750,335007,163172
3751,466808,91885
3752,383098,197737
3753,415473,169652
3754,314744,225931
3755,499307,154563
3756,378768,174147
3757,315741,217498
3758,320205,77799
3759,428704,180614
3760,447572,53060
3761,381417,196059
3762,369981,171667
3763,373934,188477
3764,407377,137230
3765,376694,122124
3766,408743,189687
3767,398862,263806
3768,315020,136275
3769,363062,183527
3770,415598,205574
3771,431485,262317
3772,384716,158270
3773,258058,128022
3774,419444,90106
3775,416055,67530
3776,431595,180243
3777,366563,191234
3778,383281,171914
3779,379318,176389
3780,442124,209435
3781,385730,171445
3782,421081,221014
3783,378502,163622
3784,297048,101607
3785,365855,252039
3786,393512,161575
3787,410957,221824
3788,374007,187428
3789,394944,157785
3790,387348,180311
3791,382178,155097
3792,332667,214384
3793,449317,196617
3794,404216,111800
3795,387186,135113
3796,347557,158156
3797,382759,171586
3798,369029,123002
3799,378625,249367
3800,337323,153842
3801,335931,124718
3802,351200,132320
3803,322396,143900
3804,501524,230383
3805,367727,210909
3806,365188,129186
3807,324229,84269
3808,398198,120744
3809,355738,167184
3810,473358,193356
3811,359623,134249
3812,323785,163777
3813,412271,170051
3814,268856,125508
3815,488127,73846
3816,456008,152027
3817,390219,125573
3818,340581,177805
3819,384504,169198
3820,362809,218290
3821,418831,166964
3822,312620,128354
3823,397307,123704
3824,349086,234634
3825,317879,174292
3826,245149,194500
3827,375253,187800
3828,393522,164490
3829,347695,244892
3830,417851,192549
3831,412031,164238
3832,379846,169598
3833,395523,141719
3834,384788,189119
3835,465103,157136
3836,468731,210114
3837,362092,247796
3838,362468,150201
3839,407639,120077
3840,397343,153175
3841,384837,172478
3842,405331,159359
3843,367235,174957
3844,395670,191264
3845,434308,199361
3846,389161,136652
3847,383988,178244
3848,311758,252287
3849,383970,165366
3850,477137,240884
3851,352937,230817
3852,284790,244142
3853,443311,196574
3854,333026,165580
3855,394655,181031
3856,330382,153977
3857,367560,147850
3858,375807,185732
3859,378928,174316
3860,336010,167968
3861,406336,247772
3862,340731,216574
3863,313534,177100
3864,393850,177311
3865,367053,169223
3866,370731,217636
3867,346571,199979
3868,403350,202060
3869,419675,270196
3870,420792,118135
3871,373006,107399
3872,382581,170223
3873,384609,54012
3874,316803,200542
3875,376396,94732
3876,386894,173014
3877,396705,169234
3878,431912,249597
3879,423790,102588
3880,360592,122445
3881,359366,168012
3882,321033,143579
3883,250509,205550
3884,343627,94437
3885,341558,198301
3886,408971,145233
3887,346779,170130
3888,378387,167830
3889,384041,224520
3890,382405,147099
3891,283138,165543
3892,390622,201028
3893,376910,210774
3894,395684,97584
3895,297671,187003
3896,321709,148954
3897,379314,167656
3898,379248,167362
3899,382523,178187
3900,348981,234016
3901,437103,171393
3902,434398,167620
3903,255437,122871
3904,410652,127303
3905,381805,172420
3906,302586,130972
3907,267638,147474
3908,381168,171473
3909,416489,50189
3910,424799,231862
3911,428477,165087
3912,456038,93573
3913,395332,111806
3914,383852,170166
3915,370610,147161
3916,285347,153194
3917,378828,190396
3918,419201,104680
3919,381125,170852
3920,481461,203506
3921,431201,111664
3922,335392,229987
3923,410952,118990
3924,325737,254683
3925,331642,165854
3926,300459,113094
3927,387961,167666
3928,356742,225013
3929,381730,145451
3930,377484,175687
3931,400677,223791
3932,393882,239136
3933,399358,171270
3934,405210,133109
3935,337108,83449
3936,443587,152112
3937,405666,198024
3938,370216,205730
3939,416550,159829
3940,426682,230705
3941,406297,126069
3942,405135,204915
3943,522950,187488
3944,376199,179596
3945,367328,188897
3946,489999,115960
3947,469611,151547
3948,402472,181925
3949,470097,94135
3950,193976,466934
3951,116068,503065
3952,179170,450947
3953,239399,487248
3954,175141,429305
3955,185554,434810
3956,214888,484690
3957,196648,416994
3958,160305,394216
3959,183349,487663
3960,200019,384934
3961,180840,474871
3962,175405,508827
3963,246857,488735
3964,197194,481989
3965,217949,527498
3966,187781,427393
3967,223691,478348
3968,191025,490542
3969,203772,458937
3970,209822,531578
3971,230810,547100
3972,199421,483456
3973,195252,522133
3974,303980,470710
3975,173988,455711
3976,199406,456574
3977,205687,445296
3978,202835,478415
3979,215604,512440
3980,191688,447845
3981,190613,495384
3982,148258,485289
3983,155194,422051
3984,210204,525598
3985,194627,468993
3986,195311,426719
3987,220485,476955
3988,262124,479518
3989,242161,449104
3990,198783,498912
3991,86540,451279
3992,182432,490648
3993,261239,581019
3994,253427,445328
3995,195620,477082
3996,202207,479931
3997,139564,477653
3998,159617,481789
3999,198662,485279
4000,148817,490709
4001,261777,449512
4002,229571,468642
4003,200774,475929
4004,202978,462888
4005,209431,477977
4006,173870,439927
4007,201886,496789
4008,189436,437132
4009,255857,430030
4010,188410,501222
4011,168864,579328
4012,255828,478990
4013,152956,441383
4014,179241,525024
4015,198499,480155
4016,213033,483227
4017,247887,490688
4018,212347,497214
4019,197063,502985
4020,225141,548853
4021,138455,477812
4022,132194,462964
4023,201000,456681
4024,158263,450148
4025,296963,593992
4026,212535,399283
4027,196219,546145
4028,234027,466171
4029,227939,492292
4030,196611,486659
4031,206478,462675
4032,176242,465851
4033,205360,492467
4034,218312,438775
4035,301032,516000
4036,239343,454590
4037,166393,440292
4038,195075,469091
4039,143075,437733
4040,160730,523610
4041,198069,463514
4042,194254,417690
4043,190635,481768
4044,197940,481653
4045,196899,477707
4046,221127,508740
4047,189487,547982
4048,191828,525232
4049,294075,453844
4050,198257,480497
4051,239984,460027
4052,144547,420258
4053,302288,466144
4054,198791,480844
4055,194517,477731
4056,191177,482830
4057,198985,479824
4058,197246,411856
4059,223989,441680
4060,195332,480182
4061,159936,443827
4062,214288,513897
4063,206631,507254
4064,243030,446886
4065,188413,435252
4066,193321,566701
4067,244130,414445
4068,197688,484429
4069,273852,551838
4070,160746,461333
4071,234648,482266
4072,185695,482916
4073,186777,505284
4074,223398,460737
4075,297119,499959
4076,178668,531094
4077,220692,476919
4078,230245,466335
4079,228145,482175
4080,198899,480366
4081,151885,503999
4082,197471,484823
4083,112404,489076
4084,168004,549080
4085,227835,483010
4086,239740,424128
4087,115102,459087
4088,241978,480371
4089,278073,483582
4090,219757,518928
4091,171338,439516
4092,237604,476481
4093,202770,472812
4094,195166,438443
4095,129720,517525
4096,202925,469511
4097,230772,469300
4098,159804,476714
4099,183251,535289
4100,204922,518652
4101,195774,403038
4102,246300,568375
4103,193983,401930
4104,195160,507267
4105,196946,479525
4106,201667,504296
4107,196600,470516
4108,204139,466726
4109,214167,475347
4110,245529,390666
4111,203104,552398
4112,200143,490065
4113,196467,449257
4114,227558,466736
4115,224955,490913
4116,172659,522356
4117,158410,508695
4118,196559,477755
4119,181029,454595
4120,197727,480121
4121,198644,480974
4122,200140,474888
4123,232184,485341
4124,217789,449324
4125,239416,395424
4126,149862,503958
4127,218183,412583
4128,323355,502122
4129,233204,388471
4130,211422,492799
4131,140606,419729
4132,214112,548157
4133,193996,488095
4134,189760,444553
4135,172246,511422
4136,140454,557008
4137,229232,564886
4138,163899,505525
4139,204501,486492
4140,149313,408879
4141,158148,499972
4142,107935,451945
4143,154221,438519
4144,170432,511098
4145,150652,432587
4146,200360,480447
4147,234007,516904
4148,188695,514970
4149,203490,442567
4150,174153,442752
4151,199381,476054
4152,203633,447281
4153,175493,482614
4154,99813,428022
4155,163423,383935
4156,200013,481618
4157,88506,502797
4158,206626,478104
4159,259424,476627
4160,155343,516597
4161,208270,463405
4162,205094,483558
4163,191973,482208
4164,211306,483512
4165,217247,485987
4166,175188,479904
4167,191810,449616
4168,223455,546549
4169,206782,478746
4170,203563,488698
4171,200876,478805
4172,166462,454457
4173,211995,480257
4174,219520,412301
4175,199368,473878
4176,192430,489582
4177,275894,533657
4178,198880,480107
4179,138652,526721
4180,140287,486323
4181,231466,480405
4182,217147,569908
4183,202569,500562
4184,240702,481487
4185,223603,548356
4186,200135,490468
4187,128387,507579
4188,194579,520711
4189,171176,460818
4190,252791,499541
4191,255951,476774
4192,72299,457319
4193,182053,420973
4194,195201,548596
4195,179395,462021
4196,199987,477783
4197,177349,471828
4198,246216,485898
4199,144872,526271
4200,208245,528186
4201,212929,476235
4202,198303,478619
4203,236017,425005
4204,176880,523485
4205,206305,421383
4206,201326,482431
4207,258124,486502
4208,217018,426482
4209,273278,521295
4210,198750,480303
4211,145765,456046
4212,181856,437451
4213,199052,468573
4214,199060,519100
4215,236709,462772
4216,254439,452536
4217,230038,443325
4218,213886,507374
4219,232585,471301
4220,218008,441898
4221,200781,433484
4222,248689,480565
4223,159550,522440
4224,217445,489534
4225,188990,462950
4226,275338,518305
4227,142031,499068
4228,180686,500459
4229,187954,479951
4230,202125,480082
4231,200037,507487
4232,174201,485398
4233,170015,509672
4234,209896,429839
4235,184785,507380
4236,232863,540748
4237,184344,480367
4238,130249,440857
4239,202232,463212
4240,234863,467401
4241,195714,519850
4242,288118,457260
4243,223793,476545
4244,213032,463777
4245,183422,516062
4246,202345,579776
4247,239169,532939
4248,229079,487858
4249,205752,461182
4250,134918,476102
4251,175279,448672
4252,204913,479550
4253,319580,486040
4254,285927,435850
4255,215692,527808
4256,202601,484452
4257,198959,497158
4258,214243,482053
4259,206374,508699
4260,251780,484761
4261,199114,469623
4262,178962,471635
4263,226735,562622
4264,187597,433963
4265,239940,461885
4266,155510,462922
4267,101403,505387
4268,105815,441254
4269,187336,425848
4270,116999,471084
4271,242331,505895
4272,176787,455252
4273,142364,533947
4274,199221,435815
4275,200452,517402
4276,239708,522698
4277,164993,522126
4278,161184,475700
4279,201596,548073
4280,203880,449456
4281,213506,438923
4282,153590,506320
4283,170862,447677
4284,256158,478779
4285,206008,462381
4286,249490,508893
4287,181318,475716
4288,263208,456092
4289,127672,408101
4290,241504,523137
4291,215615,565032
4292,192757,484550
4293,206525,490555
4294,144734,458218
4295,199536,515450
4296,196724,365062
4297,219621,438976
4298,207918,477087
4299,219747,434052
4300,450376,816291
4301,643695,909929
4302,513426,832807
4303,561470,838605
4304,470156,827622
4305,473019,937335
4306,523563,866647
4307,459347,974808
4308,527918,854003
4309,506133,894175
4310,495857,849038
4311,501212,852751
4312,573975,888425
4313,507544,790383
4314,415628,873116
4315,590381,824899
4316,532237,848909
4317,422566,847296
4318,408082,859669
4319,502990,788494
4320,500902,848367
4321,429212,863488
4322,543340,835652
4323,504986,872830
4324,616298,876882
4325,505927,850461
4326,520952,823921
4327,538713,919722
4328,516573,820716
4329,458668,829289
4330,483186,948249
4331,506023,816501
4332,518139,834426
4333,498834,833679
4334,438083,867968
4335,494152,844007
4336,635681,888274
4337,473080,838594
4338,534311,832766
4339,503794,891279
4340,476569,881867
4341,439622,837804
4342,499363,847874
4343,483561,794044
4344,492321,864579
4345,515782,888687
4346,552379,787471
4347,463759,841362
4348,505785,840179
4349,508569,826431
4350,499171,853840
4351,476609,896330
4352,462641,873096
4353,496157,858363
4354,587164,934503
4355,514518,840298
4356,490690,758774
4357,529301,777124
4358,431603,825661
4359,572003,759509
4360,521636,832236
4361,528492,823480
4362,495917,815492
4363,477106,823495
4364,505263,858709
4365,479632,713435
4366,469430,847522
4367,505676,855482
4368,562175,850937
4369,522504,796625
4370,525795,842177
4371,508059,874463
4372,473545,896739
4373,434368,826882
4374,521395,853079
4375,584694,741699
4376,520295,807801
4377,480110,852464
4378,508158,831738
4379,550441,853275
4380,557961,864098
4381,643300,889478
4382,475506,843930
4383,479884,857319
4384,502242,852244
4385,502351,863779
4386,481199,913425
4387,537938,833179
4388,498589,857019
4389,612759,849113
4390,524872,796043
4391,562523,815120
4392,542975,888547
4393,476108,846865
4394,565882,872224
4395,413779,860495
4396,556015,865374
4397,532763,857579
4398,510525,854845
4399,488176,860062
4400,495576,837634
4401,508142,844721
4402,514284,861453
4403,510709,752675
4404,469823,911565
4405,502256,852343
4406,528155,854950
4407,500100,841304
4408,526153,833774
4409,412690,929937
4410,501737,815574
4411,509827,831484
4412,507734,755168
4413,455050,984555
4414,480379,863197
4415,488959,847615
4416,485918,817710
4417,470338,804745
4418,507276,845292
4419,502074,829675
4420,513205,759054
4421,441764,814172
4422,496683,830454
4423,521690,746222
4424,564170,918516
4425,485910,849177
4426,524149,931853
4427,505400,861421
4428,506741,850046
4429,591534,783441
4430,515997,873751
4431,445848,885139
4432,397186,887254
4433,522280,900528
4434,464920,910602
4435,485435,843624
4436,379310,889954
4437,505652,839474
4438,625028,822992
4439,503413,819127
4440,515069,748957
4441,507885,839875
4442,522567,792215
4443,545646,813736
4444,610348,846411
4445,529259,850232
4446,517047,713630
4447,546459,790436
4448,543365,904861
4449,450428,829953
4450,538768,909837
4451,516826,850113
4452,502376,856153
4453,493152,866277
4454,504920,856370
4455,504757,839548
4456,542898,847721
4457,575447,860995
4458,494769,891864
4459,512529,835574
4460,452764,940358
4461,503256,853978
4462,552401,833620
4463,515374,882079
4464,584114,874080
4465,466353,827825
4466,478542,841814
4467,479170,727682
4468,531536,922446
4469,508991,860499
4470,482850,815711
4471,493348,887901
4472,544240,889837
4473,414927,896090
4474,487373,846570
4475,462933,932943
4476,475606,799550
4477,496155,910586
4478,403645,871486
4479,513654,936427
4480,515828,956802
4481,467652,824538
4482,427575,798302
4483,476553,829160
4484,527192,736133
4485,502310,852904
4486,530619,748262
4487,452581,845431
4488,479539,846564
4489,484034,788380
4490,548813,860446
4491,580929,898980
4492,515534,807888
4493,513838,834007
4494,514390,894483
4495,518209,856606
4496,425108,774062
4497,508891,848640
4498,518054,861726
4499,484465,877825
4500,562629,852913
4501,507153,823797
4502,527261,890065
4503,469521,830789
4504,486687,733342
4505,490820,921524
4506,638317,865885
4507,502926,825050
4508,548182,705992
4509,467795,839934
4510,476625,888878
4511,581105,890570
4512,412449,793220
4513,550636,965047
4514,605362,751027
4515,524361,884086
4516,488888,879135
4517,548299,798883
4518,588843,932637
4519,619175,879052
4520,551682,936270
4521,505091,849701
4522,475000,895609
4523,480797,860745
4524,546362,873309
4525,488565,975112
4526,501698,831126
4527,505021,726692
4528,431366,787771
4529,520529,876846
4530,401212,788368
4531,498738,834644
4532,556979,810845
4533,498119,896858
4534,423086,768377
4535,506518,881060
4536,615730,897214
4537,521103,869232
4538,381710,832840
4539,511736,833318
4540,566914,898531
4541,498611,876539
4542,518467,815376
4543,560398,858597
4544,567373,803693
4545,521405,871844
4546,536191,865868
4547,532076,850252
4548,555705,862777
4549,503241,852684
4550,502156,829132
4551,499798,837656
4552,526676,841883
4553,497478,757225
4554,526699,865254
4555,500653,886231
4556,504530,849944
4557,449734,785924
4558,505796,823492
4559,514165,906736
4560,477278,877447
4561,443237,882193
4562,498289,848510
4563,505522,850803
4564,533127,916539
4565,484075,839356
4566,507711,856666
4567,520963,822493
4568,501370,864849
4569,440078,833239
4570,593226,781983
4571,471182,869337
4572,496356,803174
4573,506451,847498
4574,433464,883410
4575,481888,893156
4576,555325,838425
4577,441043,876786
4578,506361,849295
4579,575185,935592
4580,510223,792220
4581,506392,848910
4582,564834,780899
4583,589897,941206
4584,482586,843438
4585,481076,829392
4586,538191,932212
4587,395369,828639
4588,496032,926742
4589,481474,871803
4590,556221,913466
4591,511941,853424
4592,571258,821716
4593,493898,844618
4594,500493,869961
4595,496296,868696
4596,488885,735886
4597,528199,802723
4598,539298,922257
4599,448428,834284
4600,526968,829516
4601,486881,821631
4602,530691,762951
4603,504864,934701
4604,514276,872348
4605,472112,875729
4606,550236,872578
4607,575324,879376
4608,392033,823599
4609,455117,876848
4610,495266,751064
4611,487694,918895
4612,569349,910654
4613,516172,768548
4614,470349,927142
4615,485986,856899
4616,419278,899709
4617,458254,879596
4618,516267,878495
4619,447591,830282
4620,617652,861982
4621,517539,835591
4622,505187,859610
4623,532906,914431
4624,408289,861785
4625,628304,830166
4626,508713,865731
4627,517573,851376
4628,549708,797995
4629,506289,849475
4630,554892,894455
4631,540909,838794
4632,503244,848895
4633,493875,910246
4634,489188,946136
4635,438438,892843
4636,410303,843439
4637,494940,833708
4638,491899,851353
4639,548342,868462
4640,507531,899483
4641,393173,789567
4642,602975,710351
4643,512285,845153
4644,573823,892508
4645,490921,850997
4646,421117,856944
4647,531821,734902
4648,512196,836851
4649,442893,865096
4650,690463,149879
4651,668677,183298
4652,697702,156531
4653,691631,144621
4654,679407,150454
4655,654771,162467
4656,683484,168338
4657,677185,148777
4658,780592,121631
4659,697883,142272
4660,563939,173561
4661,715280,140877
4662,722253,219040
4663,679527,149337
4664,697583,142806
4665,689942,188593
4666,687368,141059
4667,656341,159600
4668,685842,165938
4669,662550,109202
4670,719153,169799
4671,732311,143631
4672,673930,138135
4673,664133,147952
4674,673300,159607
4675,652567,151462
4676,682676,151755
4677,681442,151383
4678,691458,151504
4679,651823,81049
4680,677231,150206
4681,643829,155707
4682,716979,191497
4683,683894,148711
4684,624063,141674
4685,658965,155481
4686,733848,166546
4687,690480,168208
4688,685015,135630
4689,741780,171930
4690,754807,167620
4691,647825,243066
4692,592183,159948
4693,661985,177902
4694,671646,152043
4695,662714,169521
4696,668866,148632
4697,558180,151040
4698,683369,151313
4699,717548,124671
4700,622499,168680
4701,689323,116935
4702,713353,157931
4703,683239,149348
4704,647532,156766
4705,732916,148343
4706,642076,201050
4707,707027,154812
4708,796983,183367
4709,705459,126710
4710,670083,103021
4711,757342,135491
4712,669550,65346
4713,793457,238456
4714,642377,136904
4715,677327,159848
4716,593844,153425
4717,574968,97162
4718,698186,111102
4719,600295,71930
4720,642772,102865
4721,678949,164706
4722,708597,221290
4723,657575,156409
4724,633848,147091
4725,672056,142388
4726,713592,135254
4727,770236,154395
4728,668296,125525
4729,718568,71349
4730,652616,142867
4731,712847,193622
4732,681879,276821
4733,718785,108406
4734,642363,204723
4735,681763,132407
4736,678450,154321
4737,639487,91517
4738,682629,194496
4739,709862,91457
4740,676086,153954
4741,684615,150066
4742,620515,179428
4743,806582,120349
4744,673217,150543
4745,648389,156328
4746,685914,146709
4747,598105,175902
4748,679621,152580
4749,675420,179180
4750,794373,93690
4751,658164,175179
4752,707042,78083
4753,678267,173148
4754,621220,173260
4755,678193,159552
4756,693848,147266
4757,672934,154899
4758,818071,89188
4759,775194,114940
4760,678022,152357
4761,672497,153815
4762,662456,125590
4763,665597,154475
4764,682931,185745
4765,642009,77916
4766,654737,93785
4767,624060,187729
4768,677223,149053
4769,687052,186012
4770,706705,218618
4771,679836,149044
4772,656937,133869
4773,706546,188725
4774,668478,99124
4775,685916,91510
4776,671623,149396
4777,656189,157681
4778,663379,156097
4779,679229,81640
4780,681830,152172
4781,667179,215585
4782,680500,157953
4783,682074,108238
4784,668586,177296
4785,607280,179752
4786,683552,118463
4787,766989,210310
4788,706391,175549
4789,719865,202142
4790,677886,155892
4791,672422,131767
4792,749844,201341
4793,667974,175547
4794,681850,151037
4795,693591,139764
4796,737036,156973
4797,687759,129513
4798,684521,179726
4799,683348,177770
4800,652325,155140
4801,712504,156892
4802,720773,163609
4803,687347,148959
4804,619265,159786
4805,615920,193133
4806,667678,94631
4807,664033,142907
4808,579218,185160
4809,653925,176549
4810,685345,135449
4811,690189,111767
4812,708383,149749
4813,695473,165240
4814,676692,188493
4815,667652,126036
4816,677078,132386
4817,681996,216660
4818,635087,80051
4819,696918,197717
4820,683291,149522
4821,673440,144134
4822,701220,230734
4823,564000,181476
4824,679826,139538
4825,662924,131650
4826,687774,163459
4827,674941,149054
4828,756744,186641
4829,627932,208771
4830,652186,169245
4831,655328,164304
4832,674423,154549
4833,660252,133558
4834,684409,134153
4835,555850,102064
4836,613181,100354
4837,612291,131433
4838,657706,234370
4839,693438,196453
4840,632710,114879
4841,677057,153715
4842,746042,142810
4843,671974,153389
4844,679136,131336
4845,716715,220700
4846,671234,158409
4847,680746,200342
4848,804946,103546
4849,677056,183240
4850,638282,152111
4851,629402,76143
4852,687189,179103
4853,669681,104687
4854,714789,126250
4855,702562,166037
4856,600692,137810
4857,716480,114681
4858,738184,129882
4859,699164,82665
4860,571664,102462
4861,725816,185419
4862,681691,156967
4863,719485,226327
4864,711218,153365
4865,614856,166633
4866,681942,154761
4867,623275,159513
4868,703611,110921
4869,711761,30810
4870,644798,170932
4871,594530,135125
4872,711441,151028
4873,691734,170125
4874,680136,141621
4875,658600,145858
4876,801580,145296
4877,689683,171742
4878,683193,153585
4879,680837,151558
4880,740889,181094
4881,612778,203817
4882,717872,166783
4883,662262,140834
4884,681528,158990
4885,664522,160542
4886,633551,85041
4887,684997,142145
4888,766390,136325
4889,681368,149140
4890,681904,144500
4891,709105,133447
4892,684997,149133
4893,682796,151632
4894,699896,215918
4895,699959,252510
4896,647531,141172
4897,790379,124778
4898,698677,193999
4899,742129,270133
4900,614997,177880
4901,649678,161459
4902,601734,144339
4903,724614,138599
4904,700901,194797
4905,643840,160218
4906,633618,163883
4907,682740,86719
4908,625505,161105
4909,685117,197270
4910,766199,98597
4911,661047,153301
4912,652165,79194
4913,657801,202396
4914,664616,149256
4915,635545,112464
4916,702600,190565
4917,686639,180824
4918,631767,57013
4919,661702,137957
4920,668373,149140
4921,726918,196388
4922,667570,150571
4923,678340,157887
4924,727884,170680
4925,598444,128607
4926,639543,175797
4927,723796,62508
4928,648471,170651
4929,675239,111718
4930,634845,169936
4931,751629,124830
4932,695776,153906
4933,696541,76765
4934,681029,85739
4935,650420,126495
4936,674937,133330
4937,747500,156957
4938,741128,136045
4939,681418,124207
4940,689550,157674
4941,583560,177962
4942,681298,260543
4943,727437,153320
4944,705610,210789
4945,773813,122606
4946,696924,142544
4947,704341,80054
4948,658326,89322
4949,624872,164531
4950,684328,110806
4951,720486,163061
4952,636647,115607
4953,717636,183845
4954,668755,99020
4955,688632,233498
4956,679675,145741
4957,694249,155386
4958,596920,227343
4959,690616,104291
4960,646177,104106
4961,705536,115821
4962,724820,215936
4963,645996,145443
4964,748015,151821
4965,760914,192907
4966,691985,108366
4967,678169,135317
4968,669680,150259
4969,666026,147594
4970,755003,213005
4971,675240,149486
4972,669678,150746
4973,681505,154335
4974,689690,171661
4975,637108,97030
4976,605453,254051
4977,742536,166238
4978,658991,173695
4979,711412,107533
4980,660134,151166
4981,683307,150877
4982,590184,126021
4983,736755,200563
4984,684074,160944
4985,714990,176425
4986,694213,130114
4987,664295,133073
4988,772586,123935
4989,603939,77113
4990,683960,119495
4991,767245,217478
4992,651105,142940
4993,686589,168480
4994,673973,147000
4995,633450,201336
4996,662080,25631
4997,706472,171207
4998,659128,142611
4999,665898,98088
